"fixture_id","home_team_id","away_team_id","home_team_name","away_team_name","starting_at","GW","fantasy_deadline","fantasy_deadline_bdt","proprediction_deadline"
"688f4969bd4cf1cc53c2d5e3","688f4632bd4cf1cc53c2cf7a","688f4641bd4cf1cc53c2cf98","Liverpool","AFC Bournemouth","2025-08-15T19:00:00.000Z",1,"2025-08-15T18:00:00.000Z","August 16, 2025 at 12:00 AM","2025-08-14T19:00:00.000Z"
"688f496abd4cf1cc53c2d5e7","688f4638bd4cf1cc53c2cf86","688f463cbd4cf1cc53c2cf8d","Aston Villa","Newcastle United","2025-08-16T11:30:00.000Z",1,"2025-08-15T18:00:00.000Z","August 16, 2025 at 12:00 AM","2025-08-14T19:00:00.000Z"
"688f4968bd4cf1cc53c2d5e1","688f4646bd4cf1cc53c2cfa1","688f4635bd4cf1cc53c2cf7f","Brighton & Hove Albion","Fulham","2025-08-16T14:00:00.000Z",1,"2025-08-15T18:00:00.000Z","August 16, 2025 at 12:00 AM","2025-08-14T19:00:00.000Z"
"688f4969bd4cf1cc53c2d5e4","688f4631bd4cf1cc53c2cf77","688f463dbd4cf1cc53c2cf90","Tottenham Hotspur","Burnley","2025-08-16T14:00:00.000Z",1,"2025-08-15T18:00:00.000Z","August 16, 2025 at 12:00 AM","2025-08-14T19:00:00.000Z"
"688f496bbd4cf1cc53c2d5ea","688f4630bd4cf1cc53c2cf75","688f462ebd4cf1cc53c2cf72","Sunderland","West Ham United","2025-08-16T14:00:00.000Z",1,"2025-08-15T18:00:00.000Z","August 16, 2025 at 12:00 AM","2025-08-14T19:00:00.000Z"
"688f496abd4cf1cc53c2d5e6","688f463fbd4cf1cc53c2cf93","688f4634bd4cf1cc53c2cf7d","Wolverhampton Wanderers","Manchester City","2025-08-16T16:30:00.000Z",1,"2025-08-15T18:00:00.000Z","August 16, 2025 at 12:00 AM","2025-08-14T19:00:00.000Z"
"688f4969bd4cf1cc53c2d5e2","688f4639bd4cf1cc53c2cf88","688f4640bd4cf1cc53c2cf95","Chelsea","Crystal Palace","2025-08-17T13:00:00.000Z",1,"2025-08-15T18:00:00.000Z","August 16, 2025 at 12:00 AM","2025-08-14T19:00:00.000Z"
"688f496bbd4cf1cc53c2d5e9","688f4643bd4cf1cc53c2cf9b","688f4647bd4cf1cc53c2cfa4","Nottingham Forest","Brentford","2025-08-17T13:00:00.000Z",1,"2025-08-15T18:00:00.000Z","August 16, 2025 at 12:00 AM","2025-08-14T19:00:00.000Z"
"688f496bbd4cf1cc53c2d5e8","688f4637bd4cf1cc53c2cf83","688f463abd4cf1cc53c2cf8a","Manchester United","Arsenal","2025-08-17T15:30:00.000Z",1,"2025-08-15T18:00:00.000Z","August 16, 2025 at 12:00 AM","2025-08-14T19:00:00.000Z"
"688f496abd4cf1cc53c2d5e5","688f4644bd4cf1cc53c2cf9e","688f4636bd4cf1cc53c2cf81","Leeds United","Everton","2025-08-18T19:00:00.000Z",1,"2025-08-15T18:00:00.000Z","August 16, 2025 at 12:00 AM","2025-08-14T19:00:00.000Z"
"688f4909bd4cf1cc53c2d4bb","688f462ebd4cf1cc53c2cf72","688f4639bd4cf1cc53c2cf88","West Ham United","Chelsea","2025-08-22T19:00:00.000Z",2,"2025-08-22T18:00:00.000Z","August 23, 2025 at 12:00 AM","2025-08-21T19:00:00.000Z"
"688f4908bd4cf1cc53c2d4b9","688f4634bd4cf1cc53c2cf7d","688f4631bd4cf1cc53c2cf77","Manchester City","Tottenham Hotspur","2025-08-23T11:30:00.000Z",2,"2025-08-22T18:00:00.000Z","August 23, 2025 at 12:00 AM","2025-08-21T19:00:00.000Z"
"688f48eabd4cf1cc53c2d46f","688f463dbd4cf1cc53c2cf90","688f4630bd4cf1cc53c2cf75","Burnley","Sunderland","2025-08-23T14:00:00.000Z",2,"2025-08-22T18:00:00.000Z","August 23, 2025 at 12:00 AM","2025-08-21T19:00:00.000Z"
"688f4907bd4cf1cc53c2d4b6","688f4641bd4cf1cc53c2cf98","688f463fbd4cf1cc53c2cf93","AFC Bournemouth","Wolverhampton Wanderers","2025-08-23T14:00:00.000Z",2,"2025-08-22T18:00:00.000Z","August 23, 2025 at 12:00 AM","2025-08-21T19:00:00.000Z"
"688f4907bd4cf1cc53c2d4b7","688f463cbd4cf1cc53c2cf8d","688f4632bd4cf1cc53c2cf7a","Newcastle United","Liverpool","2025-08-23T14:00:00.000Z",2,"2025-08-22T18:00:00.000Z","August 23, 2025 at 12:00 AM","2025-08-21T19:00:00.000Z"
"688f4945bd4cf1cc53c2d576","688f4647bd4cf1cc53c2cfa4","688f4638bd4cf1cc53c2cf86","Brentford","Aston Villa","2025-08-23T14:00:00.000Z",2,"2025-08-22T18:00:00.000Z","August 23, 2025 at 12:00 AM","2025-08-21T19:00:00.000Z"
"688f48edbd4cf1cc53c2d476","688f463abd4cf1cc53c2cf8a","688f4644bd4cf1cc53c2cf9e","Arsenal","Leeds United","2025-08-23T16:30:00.000Z",2,"2025-08-22T18:00:00.000Z","August 23, 2025 at 12:00 AM","2025-08-21T19:00:00.000Z"
"688f4907bd4cf1cc53c2d4b5","688f4636bd4cf1cc53c2cf81","688f4646bd4cf1cc53c2cfa1","Everton","Brighton & Hove Albion","2025-08-24T13:00:00.000Z",2,"2025-08-22T18:00:00.000Z","August 23, 2025 at 12:00 AM","2025-08-21T19:00:00.000Z"
"688f4947bd4cf1cc53c2d57c","688f4640bd4cf1cc53c2cf95","688f4643bd4cf1cc53c2cf9b","Crystal Palace","Nottingham Forest","2025-08-24T13:00:00.000Z",2,"2025-08-22T18:00:00.000Z","August 23, 2025 at 12:00 AM","2025-08-21T19:00:00.000Z"
"688f4909bd4cf1cc53c2d4ba","688f4635bd4cf1cc53c2cf7f","688f4637bd4cf1cc53c2cf83","Fulham","Manchester United","2025-08-24T15:30:00.000Z",2,"2025-08-22T18:00:00.000Z","August 23, 2025 at 12:00 AM","2025-08-21T19:00:00.000Z"
"688f48edbd4cf1cc53c2d477","688f4638bd4cf1cc53c2cf86","688f4640bd4cf1cc53c2cf95","Aston Villa","Crystal Palace","2025-08-29T19:00:00.000Z",3,"2025-08-29T18:00:00.000Z","August 30, 2025 at 12:00 AM","2025-08-28T19:00:00.000Z"
"688f4908bd4cf1cc53c2d4b8","688f4639bd4cf1cc53c2cf88","688f4635bd4cf1cc53c2cf7f","Chelsea","Fulham","2025-08-30T11:30:00.000Z",3,"2025-08-29T18:00:00.000Z","August 30, 2025 at 12:00 AM","2025-08-28T19:00:00.000Z"
"688f48ecbd4cf1cc53c2d474","688f4631bd4cf1cc53c2cf77","688f4641bd4cf1cc53c2cf98","Tottenham Hotspur","AFC Bournemouth","2025-08-30T14:00:00.000Z",3,"2025-08-29T18:00:00.000Z","August 30, 2025 at 12:00 AM","2025-08-28T19:00:00.000Z"
"688f48efbd4cf1cc53c2d47e","688f4637bd4cf1cc53c2cf83","688f463dbd4cf1cc53c2cf90","Manchester United","Burnley","2025-08-30T14:00:00.000Z",3,"2025-08-29T18:00:00.000Z","August 30, 2025 at 12:00 AM","2025-08-28T19:00:00.000Z"
"688f4909bd4cf1cc53c2d4bc","688f4630bd4cf1cc53c2cf75","688f4647bd4cf1cc53c2cfa4","Sunderland","Brentford","2025-08-30T14:00:00.000Z",3,"2025-08-29T18:00:00.000Z","August 30, 2025 at 12:00 AM","2025-08-28T19:00:00.000Z"
"688f490abd4cf1cc53c2d4be","688f463fbd4cf1cc53c2cf93","688f4636bd4cf1cc53c2cf81","Wolverhampton Wanderers","Everton","2025-08-30T14:00:00.000Z",3,"2025-08-29T18:00:00.000Z","August 30, 2025 at 12:00 AM","2025-08-28T19:00:00.000Z"
"688f48ebbd4cf1cc53c2d470","688f4644bd4cf1cc53c2cf9e","688f463cbd4cf1cc53c2cf8d","Leeds United","Newcastle United","2025-08-30T16:30:00.000Z",3,"2025-08-29T18:00:00.000Z","August 30, 2025 at 12:00 AM","2025-08-28T19:00:00.000Z"
"688f48edbd4cf1cc53c2d478","688f4646bd4cf1cc53c2cfa1","688f4634bd4cf1cc53c2cf7d","Brighton & Hove Albion","Manchester City","2025-08-31T13:00:00.000Z",3,"2025-08-29T18:00:00.000Z","August 30, 2025 at 12:00 AM","2025-08-28T19:00:00.000Z"
"688f48f0bd4cf1cc53c2d47f","688f4643bd4cf1cc53c2cf9b","688f462ebd4cf1cc53c2cf72","Nottingham Forest","West Ham United","2025-08-31T13:00:00.000Z",3,"2025-08-29T18:00:00.000Z","August 30, 2025 at 12:00 AM","2025-08-28T19:00:00.000Z"
"688f48efbd4cf1cc53c2d47c","688f4632bd4cf1cc53c2cf7a","688f463abd4cf1cc53c2cf8a","Liverpool","Arsenal","2025-08-31T15:30:00.000Z",3,"2025-08-29T18:00:00.000Z","August 30, 2025 at 12:00 AM","2025-08-28T19:00:00.000Z"
"688f48eebd4cf1cc53c2d479","688f463abd4cf1cc53c2cf8a","688f4643bd4cf1cc53c2cf9b","Arsenal","Nottingham Forest","2025-09-13T11:30:00.000Z",4,"2025-09-13T10:30:00.000Z","September 13, 2025 at 04:30 PM","2025-09-12T11:30:00.000Z"
"688f48efbd4cf1cc53c2d47d","688f4641bd4cf1cc53c2cf98","688f4646bd4cf1cc53c2cfa1","AFC Bournemouth","Brighton & Hove Albion","2025-09-13T14:00:00.000Z",4,"2025-09-13T10:30:00.000Z","September 13, 2025 at 04:30 PM","2025-09-12T11:30:00.000Z"
"688f48f0bd4cf1cc53c2d481","688f4640bd4cf1cc53c2cf95","688f4630bd4cf1cc53c2cf75","Crystal Palace","Sunderland","2025-09-13T14:00:00.000Z",4,"2025-09-13T10:30:00.000Z","September 13, 2025 at 04:30 PM","2025-09-12T11:30:00.000Z"
"688f48f1bd4cf1cc53c2d482","688f4636bd4cf1cc53c2cf81","688f4638bd4cf1cc53c2cf86","Everton","Aston Villa","2025-09-13T14:00:00.000Z",4,"2025-09-13T10:30:00.000Z","September 13, 2025 at 04:30 PM","2025-09-12T11:30:00.000Z"
"688f48f2bd4cf1cc53c2d486","688f4635bd4cf1cc53c2cf7f","688f4644bd4cf1cc53c2cf9e","Fulham","Leeds United","2025-09-13T14:00:00.000Z",4,"2025-09-13T10:30:00.000Z","September 13, 2025 at 04:30 PM","2025-09-12T11:30:00.000Z"
"688f48f3bd4cf1cc53c2d48a","688f463cbd4cf1cc53c2cf8d","688f463fbd4cf1cc53c2cf93","Newcastle United","Wolverhampton Wanderers","2025-09-13T14:00:00.000Z",4,"2025-09-13T10:30:00.000Z","September 13, 2025 at 04:30 PM","2025-09-12T11:30:00.000Z"
"688f48f4bd4cf1cc53c2d48c","688f462ebd4cf1cc53c2cf72","688f4631bd4cf1cc53c2cf77","West Ham United","Tottenham Hotspur","2025-09-13T16:30:00.000Z",4,"2025-09-13T10:30:00.000Z","September 13, 2025 at 04:30 PM","2025-09-12T11:30:00.000Z"
"688f48f0bd4cf1cc53c2d480","688f4647bd4cf1cc53c2cfa4","688f4639bd4cf1cc53c2cf88","Brentford","Chelsea","2025-09-13T19:00:00.000Z",4,"2025-09-13T10:30:00.000Z","September 13, 2025 at 04:30 PM","2025-09-12T11:30:00.000Z"
"688f48f2bd4cf1cc53c2d485","688f463dbd4cf1cc53c2cf90","688f4632bd4cf1cc53c2cf7a","Burnley","Liverpool","2025-09-14T13:00:00.000Z",4,"2025-09-13T10:30:00.000Z","September 13, 2025 at 04:30 PM","2025-09-12T11:30:00.000Z"
"688f48f3bd4cf1cc53c2d489","688f4634bd4cf1cc53c2cf7d","688f4637bd4cf1cc53c2cf83","Manchester City","Manchester United","2025-09-14T15:30:00.000Z",4,"2025-09-13T10:30:00.000Z","September 13, 2025 at 04:30 PM","2025-09-12T11:30:00.000Z"
"688f490bbd4cf1cc53c2d4c0","688f4632bd4cf1cc53c2cf7a","688f4636bd4cf1cc53c2cf81","Liverpool","Everton","2025-09-20T11:30:00.000Z",5,"2025-09-20T10:30:00.000Z","September 20, 2025 at 04:30 PM","2025-09-19T11:30:00.000Z"
"688f48ebbd4cf1cc53c2d471","688f4646bd4cf1cc53c2cfa1","688f4631bd4cf1cc53c2cf77","Brighton & Hove Albion","Tottenham Hotspur","2025-09-20T14:00:00.000Z",5,"2025-09-20T10:30:00.000Z","September 20, 2025 at 04:30 PM","2025-09-19T11:30:00.000Z"
"688f48f1bd4cf1cc53c2d484","688f4641bd4cf1cc53c2cf98","688f463cbd4cf1cc53c2cf8d","AFC Bournemouth","Newcastle United","2025-09-20T14:00:00.000Z",5,"2025-09-20T10:30:00.000Z","September 20, 2025 at 04:30 PM","2025-09-19T11:30:00.000Z"
"688f48f4bd4cf1cc53c2d48d","688f462ebd4cf1cc53c2cf72","688f4640bd4cf1cc53c2cf95","West Ham United","Crystal Palace","2025-09-20T14:00:00.000Z",5,"2025-09-20T10:30:00.000Z","September 20, 2025 at 04:30 PM","2025-09-19T11:30:00.000Z"
"688f48f4bd4cf1cc53c2d48e","688f463fbd4cf1cc53c2cf93","688f4644bd4cf1cc53c2cf9e","Wolverhampton Wanderers","Leeds United","2025-09-20T14:00:00.000Z",5,"2025-09-20T10:30:00.000Z","September 20, 2025 at 04:30 PM","2025-09-19T11:30:00.000Z"
"688f490abd4cf1cc53c2d4bf","688f463dbd4cf1cc53c2cf90","688f4643bd4cf1cc53c2cf9b","Burnley","Nottingham Forest","2025-09-20T14:00:00.000Z",5,"2025-09-20T10:30:00.000Z","September 20, 2025 at 04:30 PM","2025-09-19T11:30:00.000Z"
"688f48f2bd4cf1cc53c2d488","688f4637bd4cf1cc53c2cf83","688f4639bd4cf1cc53c2cf88","Manchester United","Chelsea","2025-09-20T16:30:00.000Z",5,"2025-09-20T10:30:00.000Z","September 20, 2025 at 04:30 PM","2025-09-19T11:30:00.000Z"
"688f48f3bd4cf1cc53c2d48b","688f4635bd4cf1cc53c2cf7f","688f4647bd4cf1cc53c2cfa4","Fulham","Brentford","2025-09-20T19:00:00.000Z",5,"2025-09-20T10:30:00.000Z","September 20, 2025 at 04:30 PM","2025-09-19T11:30:00.000Z"
"688f490abd4cf1cc53c2d4bd","688f4630bd4cf1cc53c2cf75","688f4638bd4cf1cc53c2cf86","Sunderland","Aston Villa","2025-09-21T13:00:00.000Z",5,"2025-09-20T10:30:00.000Z","September 20, 2025 at 04:30 PM","2025-09-19T11:30:00.000Z"
"688f48f2bd4cf1cc53c2d487","688f463abd4cf1cc53c2cf8a","688f4634bd4cf1cc53c2cf7d","Arsenal","Manchester City","2025-09-21T15:30:00.000Z",5,"2025-09-20T10:30:00.000Z","September 20, 2025 at 04:30 PM","2025-09-19T11:30:00.000Z"
"688f48f6bd4cf1cc53c2d492","688f4647bd4cf1cc53c2cfa4","688f4637bd4cf1cc53c2cf83","Brentford","Manchester United","2025-09-27T11:30:00.000Z",6,"2025-09-27T10:30:00.000Z","September 27, 2025 at 04:30 PM","2025-09-26T11:30:00.000Z"
"688f48ecbd4cf1cc53c2d473","688f4634bd4cf1cc53c2cf7d","688f463dbd4cf1cc53c2cf90","Manchester City","Burnley","2025-09-27T14:00:00.000Z",6,"2025-09-27T10:30:00.000Z","September 27, 2025 at 04:30 PM","2025-09-26T11:30:00.000Z"
"688f48f1bd4cf1cc53c2d483","688f4640bd4cf1cc53c2cf95","688f4632bd4cf1cc53c2cf7a","Crystal Palace","Liverpool","2025-09-27T14:00:00.000Z",6,"2025-09-27T10:30:00.000Z","September 27, 2025 at 04:30 PM","2025-09-26T11:30:00.000Z"
"688f48f5bd4cf1cc53c2d48f","688f4638bd4cf1cc53c2cf86","688f4635bd4cf1cc53c2cf7f","Aston Villa","Fulham","2025-09-27T14:00:00.000Z",6,"2025-09-27T10:30:00.000Z","September 27, 2025 at 04:30 PM","2025-09-26T11:30:00.000Z"
"688f48f5bd4cf1cc53c2d491","688f4639bd4cf1cc53c2cf88","688f4646bd4cf1cc53c2cfa1","Chelsea","Brighton & Hove Albion","2025-09-27T14:00:00.000Z",6,"2025-09-27T10:30:00.000Z","September 27, 2025 at 04:30 PM","2025-09-26T11:30:00.000Z"
"688f48f6bd4cf1cc53c2d493","688f4636bd4cf1cc53c2cf81","688f462ebd4cf1cc53c2cf72","Everton","West Ham United","2025-09-27T14:00:00.000Z",6,"2025-09-27T10:30:00.000Z","September 27, 2025 at 04:30 PM","2025-09-26T11:30:00.000Z"
"688f490dbd4cf1cc53c2d4c6","688f4644bd4cf1cc53c2cf9e","688f4641bd4cf1cc53c2cf98","Leeds United","AFC Bournemouth","2025-09-27T14:00:00.000Z",6,"2025-09-27T10:30:00.000Z","September 27, 2025 at 04:30 PM","2025-09-26T11:30:00.000Z"
"688f48f6bd4cf1cc53c2d494","688f4643bd4cf1cc53c2cf9b","688f4630bd4cf1cc53c2cf75","Nottingham Forest","Sunderland","2025-09-27T16:30:00.000Z",6,"2025-09-27T10:30:00.000Z","September 27, 2025 at 04:30 PM","2025-09-26T11:30:00.000Z"
"688f490bbd4cf1cc53c2d4c1","688f4631bd4cf1cc53c2cf77","688f463fbd4cf1cc53c2cf93","Tottenham Hotspur","Wolverhampton Wanderers","2025-09-28T13:00:00.000Z",6,"2025-09-27T10:30:00.000Z","September 27, 2025 at 04:30 PM","2025-09-26T11:30:00.000Z"
"688f48f5bd4cf1cc53c2d490","688f463cbd4cf1cc53c2cf8d","688f463abd4cf1cc53c2cf8a","Newcastle United","Arsenal","2025-09-28T15:30:00.000Z",6,"2025-09-27T10:30:00.000Z","September 27, 2025 at 04:30 PM","2025-09-26T11:30:00.000Z"
"688f48ebbd4cf1cc53c2d472","688f4636bd4cf1cc53c2cf81","688f4640bd4cf1cc53c2cf95","Everton","Crystal Palace","2025-10-04T14:00:00.000Z",7,"2025-10-04T13:00:00.000Z","October 4, 2025 at 07:00 PM","2025-10-03T14:00:00.000Z"
"688f48f6bd4cf1cc53c2d495","688f463abd4cf1cc53c2cf8a","688f462ebd4cf1cc53c2cf72","Arsenal","West Ham United","2025-10-04T14:00:00.000Z",7,"2025-10-04T13:00:00.000Z","October 4, 2025 at 07:00 PM","2025-10-03T14:00:00.000Z"
"688f48f7bd4cf1cc53c2d496","688f4638bd4cf1cc53c2cf86","688f463dbd4cf1cc53c2cf90","Aston Villa","Burnley","2025-10-04T14:00:00.000Z",7,"2025-10-04T13:00:00.000Z","October 4, 2025 at 07:00 PM","2025-10-03T14:00:00.000Z"
"688f48f7bd4cf1cc53c2d497","688f4641bd4cf1cc53c2cf98","688f4635bd4cf1cc53c2cf7f","AFC Bournemouth","Fulham","2025-10-04T14:00:00.000Z",7,"2025-10-04T13:00:00.000Z","October 4, 2025 at 07:00 PM","2025-10-03T14:00:00.000Z"
"688f48f7bd4cf1cc53c2d498","688f4647bd4cf1cc53c2cfa4","688f4634bd4cf1cc53c2cf7d","Brentford","Manchester City","2025-10-04T14:00:00.000Z",7,"2025-10-04T13:00:00.000Z","October 4, 2025 at 07:00 PM","2025-10-03T14:00:00.000Z"
"688f48f8bd4cf1cc53c2d499","688f4639bd4cf1cc53c2cf88","688f4632bd4cf1cc53c2cf7a","Chelsea","Liverpool","2025-10-04T14:00:00.000Z",7,"2025-10-04T13:00:00.000Z","October 4, 2025 at 07:00 PM","2025-10-03T14:00:00.000Z"
"688f48f9bd4cf1cc53c2d49d","688f463cbd4cf1cc53c2cf8d","688f4643bd4cf1cc53c2cf9b","Newcastle United","Nottingham Forest","2025-10-04T14:00:00.000Z",7,"2025-10-04T13:00:00.000Z","October 4, 2025 at 07:00 PM","2025-10-03T14:00:00.000Z"
"688f48fabd4cf1cc53c2d49f","688f4637bd4cf1cc53c2cf83","688f4630bd4cf1cc53c2cf75","Manchester United","Sunderland","2025-10-04T14:00:00.000Z",7,"2025-10-04T13:00:00.000Z","October 4, 2025 at 07:00 PM","2025-10-03T14:00:00.000Z"
"688f48fcbd4cf1cc53c2d4a7","688f4644bd4cf1cc53c2cf9e","688f4631bd4cf1cc53c2cf77","Leeds United","Tottenham Hotspur","2025-10-04T14:00:00.000Z",7,"2025-10-04T13:00:00.000Z","October 4, 2025 at 07:00 PM","2025-10-03T14:00:00.000Z"
"688f4903bd4cf1cc53c2d4ac","688f463fbd4cf1cc53c2cf93","688f4646bd4cf1cc53c2cfa1","Wolverhampton Wanderers","Brighton & Hove Albion","2025-10-04T14:00:00.000Z",7,"2025-10-04T13:00:00.000Z","October 4, 2025 at 07:00 PM","2025-10-03T14:00:00.000Z"
"688f48f8bd4cf1cc53c2d49b","688f4643bd4cf1cc53c2cf9b","688f4639bd4cf1cc53c2cf88","Nottingham Forest","Chelsea","2025-10-18T14:00:00.000Z",8,"2025-10-18T13:00:00.000Z","October 18, 2025 at 07:00 PM","2025-10-17T14:00:00.000Z"
"688f48f9bd4cf1cc53c2d49c","688f4632bd4cf1cc53c2cf7a","688f4637bd4cf1cc53c2cf83","Liverpool","Manchester United","2025-10-18T14:00:00.000Z",8,"2025-10-18T13:00:00.000Z","October 18, 2025 at 07:00 PM","2025-10-17T14:00:00.000Z"
"688f48f9bd4cf1cc53c2d49e","688f4630bd4cf1cc53c2cf75","688f463fbd4cf1cc53c2cf93","Sunderland","Wolverhampton Wanderers","2025-10-18T14:00:00.000Z",8,"2025-10-18T13:00:00.000Z","October 18, 2025 at 07:00 PM","2025-10-17T14:00:00.000Z"
"688f48fabd4cf1cc53c2d4a0","688f4646bd4cf1cc53c2cfa1","688f463cbd4cf1cc53c2cf8d","Brighton & Hove Albion","Newcastle United","2025-10-18T14:00:00.000Z",8,"2025-10-18T13:00:00.000Z","October 18, 2025 at 07:00 PM","2025-10-17T14:00:00.000Z"
"688f48fabd4cf1cc53c2d4a1","688f4634bd4cf1cc53c2cf7d","688f4636bd4cf1cc53c2cf81","Manchester City","Everton","2025-10-18T14:00:00.000Z",8,"2025-10-18T13:00:00.000Z","October 18, 2025 at 07:00 PM","2025-10-17T14:00:00.000Z"
"688f48fbbd4cf1cc53c2d4a2","688f4631bd4cf1cc53c2cf77","688f4638bd4cf1cc53c2cf86","Tottenham Hotspur","Aston Villa","2025-10-18T14:00:00.000Z",8,"2025-10-18T13:00:00.000Z","October 18, 2025 at 07:00 PM","2025-10-17T14:00:00.000Z"
"688f48fbbd4cf1cc53c2d4a4","688f462ebd4cf1cc53c2cf72","688f4647bd4cf1cc53c2cfa4","West Ham United","Brentford","2025-10-18T14:00:00.000Z",8,"2025-10-18T13:00:00.000Z","October 18, 2025 at 07:00 PM","2025-10-17T14:00:00.000Z"
"688f4904bd4cf1cc53c2d4ad","688f463dbd4cf1cc53c2cf90","688f4644bd4cf1cc53c2cf9e","Burnley","Leeds United","2025-10-18T14:00:00.000Z",8,"2025-10-18T13:00:00.000Z","October 18, 2025 at 07:00 PM","2025-10-17T14:00:00.000Z"
"688f4905bd4cf1cc53c2d4af","688f4635bd4cf1cc53c2cf7f","688f463abd4cf1cc53c2cf8a","Fulham","Arsenal","2025-10-18T14:00:00.000Z",8,"2025-10-18T13:00:00.000Z","October 18, 2025 at 07:00 PM","2025-10-17T14:00:00.000Z"
"688f4905bd4cf1cc53c2d4b0","688f4640bd4cf1cc53c2cf95","688f4641bd4cf1cc53c2cf98","Crystal Palace","AFC Bournemouth","2025-10-18T14:00:00.000Z",8,"2025-10-18T13:00:00.000Z","October 18, 2025 at 07:00 PM","2025-10-17T14:00:00.000Z"
"688f48f8bd4cf1cc53c2d49a","688f463fbd4cf1cc53c2cf93","688f463dbd4cf1cc53c2cf90","Wolverhampton Wanderers","Burnley","2025-10-25T14:00:00.000Z",9,"2025-10-25T13:00:00.000Z","October 25, 2025 at 07:00 PM","2025-10-24T14:00:00.000Z"
"688f48fbbd4cf1cc53c2d4a3","688f4647bd4cf1cc53c2cfa4","688f4632bd4cf1cc53c2cf7a","Brentford","Liverpool","2025-10-25T14:00:00.000Z",9,"2025-10-25T13:00:00.000Z","October 25, 2025 at 07:00 PM","2025-10-24T14:00:00.000Z"
"688f4904bd4cf1cc53c2d4ae","688f463cbd4cf1cc53c2cf8d","688f4635bd4cf1cc53c2cf7f","Newcastle United","Fulham","2025-10-25T14:00:00.000Z",9,"2025-10-25T13:00:00.000Z","October 25, 2025 at 07:00 PM","2025-10-24T14:00:00.000Z"
"688f4905bd4cf1cc53c2d4b1","688f4638bd4cf1cc53c2cf86","688f4634bd4cf1cc53c2cf7d","Aston Villa","Manchester City","2025-10-25T14:00:00.000Z",9,"2025-10-25T13:00:00.000Z","October 25, 2025 at 07:00 PM","2025-10-24T14:00:00.000Z"
"688f4906bd4cf1cc53c2d4b2","688f4637bd4cf1cc53c2cf83","688f4646bd4cf1cc53c2cfa1","Manchester United","Brighton & Hove Albion","2025-10-25T14:00:00.000Z",9,"2025-10-25T13:00:00.000Z","October 25, 2025 at 07:00 PM","2025-10-24T14:00:00.000Z"
"688f4906bd4cf1cc53c2d4b3","688f4636bd4cf1cc53c2cf81","688f4631bd4cf1cc53c2cf77","Everton","Tottenham Hotspur","2025-10-25T14:00:00.000Z",9,"2025-10-25T13:00:00.000Z","October 25, 2025 at 07:00 PM","2025-10-24T14:00:00.000Z"
"688f4906bd4cf1cc53c2d4b4","688f4644bd4cf1cc53c2cf9e","688f462ebd4cf1cc53c2cf72","Leeds United","West Ham United","2025-10-25T14:00:00.000Z",9,"2025-10-25T13:00:00.000Z","October 25, 2025 at 07:00 PM","2025-10-24T14:00:00.000Z"
"688f490bbd4cf1cc53c2d4c2","688f4641bd4cf1cc53c2cf98","688f4643bd4cf1cc53c2cf9b","AFC Bournemouth","Nottingham Forest","2025-10-25T14:00:00.000Z",9,"2025-10-25T13:00:00.000Z","October 25, 2025 at 07:00 PM","2025-10-24T14:00:00.000Z"
"688f490cbd4cf1cc53c2d4c3","688f463abd4cf1cc53c2cf8a","688f4640bd4cf1cc53c2cf95","Arsenal","Crystal Palace","2025-10-25T14:00:00.000Z",9,"2025-10-25T13:00:00.000Z","October 25, 2025 at 07:00 PM","2025-10-24T14:00:00.000Z"
"688f490dbd4cf1cc53c2d4c7","688f4639bd4cf1cc53c2cf88","688f4630bd4cf1cc53c2cf75","Chelsea","Sunderland","2025-10-25T14:00:00.000Z",9,"2025-10-25T13:00:00.000Z","October 25, 2025 at 07:00 PM","2025-10-24T14:00:00.000Z"
"688f492abd4cf1cc53c2d520","688f4646bd4cf1cc53c2cfa1","688f4644bd4cf1cc53c2cf9e","Brighton & Hove Albion","Leeds United","2025-11-01T15:00:00.000Z",10,"2025-11-01T14:00:00.000Z","November 1, 2025 at 08:00 PM","2025-10-31T15:00:00.000Z"
"688f492bbd4cf1cc53c2d522","688f4640bd4cf1cc53c2cf95","688f4647bd4cf1cc53c2cfa4","Crystal Palace","Brentford","2025-11-01T15:00:00.000Z",10,"2025-11-01T14:00:00.000Z","November 1, 2025 at 08:00 PM","2025-10-31T15:00:00.000Z"
"688f492cbd4cf1cc53c2d526","688f4632bd4cf1cc53c2cf7a","688f4638bd4cf1cc53c2cf86","Liverpool","Aston Villa","2025-11-01T15:00:00.000Z",10,"2025-11-01T14:00:00.000Z","November 1, 2025 at 08:00 PM","2025-10-31T15:00:00.000Z"
"688f492cbd4cf1cc53c2d527","688f4635bd4cf1cc53c2cf7f","688f463fbd4cf1cc53c2cf93","Fulham","Wolverhampton Wanderers","2025-11-01T15:00:00.000Z",10,"2025-11-01T14:00:00.000Z","November 1, 2025 at 08:00 PM","2025-10-31T15:00:00.000Z"
"688f492cbd4cf1cc53c2d528","688f4630bd4cf1cc53c2cf75","688f4636bd4cf1cc53c2cf81","Sunderland","Everton","2025-11-01T15:00:00.000Z",10,"2025-11-01T14:00:00.000Z","November 1, 2025 at 08:00 PM","2025-10-31T15:00:00.000Z"
"688f492dbd4cf1cc53c2d529","688f463dbd4cf1cc53c2cf90","688f463abd4cf1cc53c2cf8a","Burnley","Arsenal","2025-11-01T15:00:00.000Z",10,"2025-11-01T14:00:00.000Z","November 1, 2025 at 08:00 PM","2025-10-31T15:00:00.000Z"
"688f492dbd4cf1cc53c2d52a","688f4634bd4cf1cc53c2cf7d","688f4641bd4cf1cc53c2cf98","Manchester City","AFC Bournemouth","2025-11-01T15:00:00.000Z",10,"2025-11-01T14:00:00.000Z","November 1, 2025 at 08:00 PM","2025-10-31T15:00:00.000Z"
"688f492dbd4cf1cc53c2d52b","688f4643bd4cf1cc53c2cf9b","688f4637bd4cf1cc53c2cf83","Nottingham Forest","Manchester United","2025-11-01T15:00:00.000Z",10,"2025-11-01T14:00:00.000Z","November 1, 2025 at 08:00 PM","2025-10-31T15:00:00.000Z"
"688f492ebd4cf1cc53c2d52c","688f4631bd4cf1cc53c2cf77","688f4639bd4cf1cc53c2cf88","Tottenham Hotspur","Chelsea","2025-11-01T15:00:00.000Z",10,"2025-11-01T14:00:00.000Z","November 1, 2025 at 08:00 PM","2025-10-31T15:00:00.000Z"
"688f492fbd4cf1cc53c2d530","688f462ebd4cf1cc53c2cf72","688f463cbd4cf1cc53c2cf8d","West Ham United","Newcastle United","2025-11-01T15:00:00.000Z",10,"2025-11-01T14:00:00.000Z","November 1, 2025 at 08:00 PM","2025-10-31T15:00:00.000Z"
"688f4918bd4cf1cc53c2d4e8","688f4634bd4cf1cc53c2cf7d","688f4632bd4cf1cc53c2cf7a","Manchester City","Liverpool","2025-11-08T15:00:00.000Z",11,"2025-11-08T14:00:00.000Z","November 8, 2025 at 08:00 PM","2025-11-07T15:00:00.000Z"
"688f492abd4cf1cc53c2d521","688f4647bd4cf1cc53c2cfa4","688f463cbd4cf1cc53c2cf8d","Brentford","Newcastle United","2025-11-08T15:00:00.000Z",11,"2025-11-08T14:00:00.000Z","November 8, 2025 at 08:00 PM","2025-11-07T15:00:00.000Z"
"688f492bbd4cf1cc53c2d524","688f4631bd4cf1cc53c2cf77","688f4637bd4cf1cc53c2cf83","Tottenham Hotspur","Manchester United","2025-11-08T15:00:00.000Z",11,"2025-11-08T14:00:00.000Z","November 8, 2025 at 08:00 PM","2025-11-07T15:00:00.000Z"
"688f492ebd4cf1cc53c2d52d","688f4630bd4cf1cc53c2cf75","688f463abd4cf1cc53c2cf8a","Sunderland","Arsenal","2025-11-08T15:00:00.000Z",11,"2025-11-08T14:00:00.000Z","November 8, 2025 at 08:00 PM","2025-11-07T15:00:00.000Z"
"688f492fbd4cf1cc53c2d531","688f4640bd4cf1cc53c2cf95","688f4646bd4cf1cc53c2cfa1","Crystal Palace","Brighton & Hove Albion","2025-11-08T15:00:00.000Z",11,"2025-11-08T14:00:00.000Z","November 8, 2025 at 08:00 PM","2025-11-07T15:00:00.000Z"
"688f4930bd4cf1cc53c2d532","688f4643bd4cf1cc53c2cf9b","688f4644bd4cf1cc53c2cf9e","Nottingham Forest","Leeds United","2025-11-08T15:00:00.000Z",11,"2025-11-08T14:00:00.000Z","November 8, 2025 at 08:00 PM","2025-11-07T15:00:00.000Z"
"688f4930bd4cf1cc53c2d533","688f4638bd4cf1cc53c2cf86","688f4641bd4cf1cc53c2cf98","Aston Villa","AFC Bournemouth","2025-11-08T15:00:00.000Z",11,"2025-11-08T14:00:00.000Z","November 8, 2025 at 08:00 PM","2025-11-07T15:00:00.000Z"
"688f4931bd4cf1cc53c2d535","688f4639bd4cf1cc53c2cf88","688f463fbd4cf1cc53c2cf93","Chelsea","Wolverhampton Wanderers","2025-11-08T15:00:00.000Z",11,"2025-11-08T14:00:00.000Z","November 8, 2025 at 08:00 PM","2025-11-07T15:00:00.000Z"
"688f4931bd4cf1cc53c2d536","688f4636bd4cf1cc53c2cf81","688f4635bd4cf1cc53c2cf7f","Everton","Fulham","2025-11-08T15:00:00.000Z",11,"2025-11-08T14:00:00.000Z","November 8, 2025 at 08:00 PM","2025-11-07T15:00:00.000Z"
"688f4931bd4cf1cc53c2d537","688f462ebd4cf1cc53c2cf72","688f463dbd4cf1cc53c2cf90","West Ham United","Burnley","2025-11-08T15:00:00.000Z",11,"2025-11-08T14:00:00.000Z","November 8, 2025 at 08:00 PM","2025-11-07T15:00:00.000Z"
"688f4919bd4cf1cc53c2d4ec","688f463fbd4cf1cc53c2cf93","688f4640bd4cf1cc53c2cf95","Wolverhampton Wanderers","Crystal Palace","2025-11-22T15:00:00.000Z",12,"2025-11-22T14:00:00.000Z","November 22, 2025 at 08:00 PM","2025-11-21T15:00:00.000Z"
"688f4919bd4cf1cc53c2d4ed","688f463dbd4cf1cc53c2cf90","688f4639bd4cf1cc53c2cf88","Burnley","Chelsea","2025-11-22T15:00:00.000Z",12,"2025-11-22T14:00:00.000Z","November 22, 2025 at 08:00 PM","2025-11-21T15:00:00.000Z"
"688f492bbd4cf1cc53c2d523","688f4641bd4cf1cc53c2cf98","688f462ebd4cf1cc53c2cf72","AFC Bournemouth","West Ham United","2025-11-22T15:00:00.000Z",12,"2025-11-22T14:00:00.000Z","November 22, 2025 at 08:00 PM","2025-11-21T15:00:00.000Z"
"688f492cbd4cf1cc53c2d525","688f463abd4cf1cc53c2cf8a","688f4631bd4cf1cc53c2cf77","Arsenal","Tottenham Hotspur","2025-11-22T15:00:00.000Z",12,"2025-11-22T14:00:00.000Z","November 22, 2025 at 08:00 PM","2025-11-21T15:00:00.000Z"
"688f492ebd4cf1cc53c2d52e","688f4637bd4cf1cc53c2cf83","688f4636bd4cf1cc53c2cf81","Manchester United","Everton","2025-11-22T15:00:00.000Z",12,"2025-11-22T14:00:00.000Z","November 22, 2025 at 08:00 PM","2025-11-21T15:00:00.000Z"
"688f492fbd4cf1cc53c2d52f","688f463cbd4cf1cc53c2cf8d","688f4634bd4cf1cc53c2cf7d","Newcastle United","Manchester City","2025-11-22T15:00:00.000Z",12,"2025-11-22T14:00:00.000Z","November 22, 2025 at 08:00 PM","2025-11-21T15:00:00.000Z"
"688f4932bd4cf1cc53c2d538","688f4646bd4cf1cc53c2cfa1","688f4647bd4cf1cc53c2cfa4","Brighton & Hove Albion","Brentford","2025-11-22T15:00:00.000Z",12,"2025-11-22T14:00:00.000Z","November 22, 2025 at 08:00 PM","2025-11-21T15:00:00.000Z"
"688f4932bd4cf1cc53c2d539","688f4635bd4cf1cc53c2cf7f","688f4630bd4cf1cc53c2cf75","Fulham","Sunderland","2025-11-22T15:00:00.000Z",12,"2025-11-22T14:00:00.000Z","November 22, 2025 at 08:00 PM","2025-11-21T15:00:00.000Z"
"688f4932bd4cf1cc53c2d53a","688f4644bd4cf1cc53c2cf9e","688f4638bd4cf1cc53c2cf86","Leeds United","Aston Villa","2025-11-22T15:00:00.000Z",12,"2025-11-22T14:00:00.000Z","November 22, 2025 at 08:00 PM","2025-11-21T15:00:00.000Z"
"688f4932bd4cf1cc53c2d53b","688f4632bd4cf1cc53c2cf7a","688f4643bd4cf1cc53c2cf9b","Liverpool","Nottingham Forest","2025-11-22T15:00:00.000Z",12,"2025-11-22T14:00:00.000Z","November 22, 2025 at 08:00 PM","2025-11-21T15:00:00.000Z"
"688f4923bd4cf1cc53c2d50a","688f4640bd4cf1cc53c2cf95","688f4637bd4cf1cc53c2cf83","Crystal Palace","Manchester United","2025-11-29T15:00:00.000Z",13,"2025-11-29T14:00:00.000Z","November 29, 2025 at 08:00 PM","2025-11-28T15:00:00.000Z"
"688f4929bd4cf1cc53c2d51d","688f4643bd4cf1cc53c2cf9b","688f4646bd4cf1cc53c2cfa1","Nottingham Forest","Brighton & Hove Albion","2025-11-29T15:00:00.000Z",13,"2025-11-29T14:00:00.000Z","November 29, 2025 at 08:00 PM","2025-11-28T15:00:00.000Z"
"688f4933bd4cf1cc53c2d53d","688f4647bd4cf1cc53c2cfa4","688f463dbd4cf1cc53c2cf90","Brentford","Burnley","2025-11-29T15:00:00.000Z",13,"2025-11-29T14:00:00.000Z","November 29, 2025 at 08:00 PM","2025-11-28T15:00:00.000Z"
"688f4934bd4cf1cc53c2d53f","688f4638bd4cf1cc53c2cf86","688f463fbd4cf1cc53c2cf93","Aston Villa","Wolverhampton Wanderers","2025-11-29T15:00:00.000Z",13,"2025-11-29T14:00:00.000Z","November 29, 2025 at 08:00 PM","2025-11-28T15:00:00.000Z"
"688f4934bd4cf1cc53c2d540","688f4639bd4cf1cc53c2cf88","688f463abd4cf1cc53c2cf8a","Chelsea","Arsenal","2025-11-29T15:00:00.000Z",13,"2025-11-29T14:00:00.000Z","November 29, 2025 at 08:00 PM","2025-11-28T15:00:00.000Z"
"688f4934bd4cf1cc53c2d541","688f4634bd4cf1cc53c2cf7d","688f4644bd4cf1cc53c2cf9e","Manchester City","Leeds United","2025-11-29T15:00:00.000Z",13,"2025-11-29T14:00:00.000Z","November 29, 2025 at 08:00 PM","2025-11-28T15:00:00.000Z"
"688f4935bd4cf1cc53c2d543","688f4636bd4cf1cc53c2cf81","688f463cbd4cf1cc53c2cf8d","Everton","Newcastle United","2025-11-29T15:00:00.000Z",13,"2025-11-29T14:00:00.000Z","November 29, 2025 at 08:00 PM","2025-11-28T15:00:00.000Z"
"688f4935bd4cf1cc53c2d544","688f4630bd4cf1cc53c2cf75","688f4641bd4cf1cc53c2cf98","Sunderland","AFC Bournemouth","2025-11-29T15:00:00.000Z",13,"2025-11-29T14:00:00.000Z","November 29, 2025 at 08:00 PM","2025-11-28T15:00:00.000Z"
"688f4936bd4cf1cc53c2d545","688f4631bd4cf1cc53c2cf77","688f4635bd4cf1cc53c2cf7f","Tottenham Hotspur","Fulham","2025-11-29T15:00:00.000Z",13,"2025-11-29T14:00:00.000Z","November 29, 2025 at 08:00 PM","2025-11-28T15:00:00.000Z"
"688f4936bd4cf1cc53c2d546","688f462ebd4cf1cc53c2cf72","688f4632bd4cf1cc53c2cf7a","West Ham United","Liverpool","2025-11-29T15:00:00.000Z",13,"2025-11-29T14:00:00.000Z","November 29, 2025 at 08:00 PM","2025-11-28T15:00:00.000Z"
"688f4929bd4cf1cc53c2d51e","688f463abd4cf1cc53c2cf8a","688f4647bd4cf1cc53c2cfa4","Arsenal","Brentford","2025-12-03T20:00:00.000Z",14,"2025-12-03T19:00:00.000Z","December 4, 2025 at 01:00 AM","2025-12-02T20:00:00.000Z"
"688f4935bd4cf1cc53c2d542","688f4641bd4cf1cc53c2cf98","688f4636bd4cf1cc53c2cf81","AFC Bournemouth","Everton","2025-12-03T20:00:00.000Z",14,"2025-12-03T19:00:00.000Z","December 4, 2025 at 01:00 AM","2025-12-02T20:00:00.000Z"
"688f4936bd4cf1cc53c2d547","688f4646bd4cf1cc53c2cfa1","688f4638bd4cf1cc53c2cf86","Brighton & Hove Albion","Aston Villa","2025-12-03T20:00:00.000Z",14,"2025-12-03T19:00:00.000Z","December 4, 2025 at 01:00 AM","2025-12-02T20:00:00.000Z"
"688f4937bd4cf1cc53c2d548","688f4644bd4cf1cc53c2cf9e","688f4639bd4cf1cc53c2cf88","Leeds United","Chelsea","2025-12-03T20:00:00.000Z",14,"2025-12-03T19:00:00.000Z","December 4, 2025 at 01:00 AM","2025-12-02T20:00:00.000Z"
"688f4937bd4cf1cc53c2d549","688f463dbd4cf1cc53c2cf90","688f4640bd4cf1cc53c2cf95","Burnley","Crystal Palace","2025-12-03T20:00:00.000Z",14,"2025-12-03T19:00:00.000Z","December 4, 2025 at 01:00 AM","2025-12-02T20:00:00.000Z"
"688f4937bd4cf1cc53c2d54a","688f4635bd4cf1cc53c2cf7f","688f4634bd4cf1cc53c2cf7d","Fulham","Manchester City","2025-12-03T20:00:00.000Z",14,"2025-12-03T19:00:00.000Z","December 4, 2025 at 01:00 AM","2025-12-02T20:00:00.000Z"
"688f4937bd4cf1cc53c2d54b","688f4637bd4cf1cc53c2cf83","688f462ebd4cf1cc53c2cf72","Manchester United","West Ham United","2025-12-03T20:00:00.000Z",14,"2025-12-03T19:00:00.000Z","December 4, 2025 at 01:00 AM","2025-12-02T20:00:00.000Z"
"688f4938bd4cf1cc53c2d54c","688f463cbd4cf1cc53c2cf8d","688f4631bd4cf1cc53c2cf77","Newcastle United","Tottenham Hotspur","2025-12-03T20:00:00.000Z",14,"2025-12-03T19:00:00.000Z","December 4, 2025 at 01:00 AM","2025-12-02T20:00:00.000Z"
"688f4938bd4cf1cc53c2d54e","688f4632bd4cf1cc53c2cf7a","688f4630bd4cf1cc53c2cf75","Liverpool","Sunderland","2025-12-03T20:00:00.000Z",14,"2025-12-03T19:00:00.000Z","December 4, 2025 at 01:00 AM","2025-12-02T20:00:00.000Z"
"688f493abd4cf1cc53c2d552","688f463fbd4cf1cc53c2cf93","688f4643bd4cf1cc53c2cf9b","Wolverhampton Wanderers","Nottingham Forest","2025-12-03T20:00:00.000Z",14,"2025-12-03T19:00:00.000Z","December 4, 2025 at 01:00 AM","2025-12-02T20:00:00.000Z"
"688f4939bd4cf1cc53c2d551","688f4646bd4cf1cc53c2cfa1","688f462ebd4cf1cc53c2cf72","Brighton & Hove Albion","West Ham United","2025-12-06T15:00:00.000Z",15,"2025-12-06T14:00:00.000Z","December 6, 2025 at 08:00 PM","2025-12-05T15:00:00.000Z"
"688f493abd4cf1cc53c2d553","688f4638bd4cf1cc53c2cf86","688f463abd4cf1cc53c2cf8a","Aston Villa","Arsenal","2025-12-06T15:00:00.000Z",15,"2025-12-06T14:00:00.000Z","December 6, 2025 at 08:00 PM","2025-12-05T15:00:00.000Z"
"688f493abd4cf1cc53c2d554","688f4641bd4cf1cc53c2cf98","688f4639bd4cf1cc53c2cf88","AFC Bournemouth","Chelsea","2025-12-06T15:00:00.000Z",15,"2025-12-06T14:00:00.000Z","December 6, 2025 at 08:00 PM","2025-12-05T15:00:00.000Z"
"688f493bbd4cf1cc53c2d555","688f4644bd4cf1cc53c2cf9e","688f4632bd4cf1cc53c2cf7a","Leeds United","Liverpool","2025-12-06T15:00:00.000Z",15,"2025-12-06T14:00:00.000Z","December 6, 2025 at 08:00 PM","2025-12-05T15:00:00.000Z"
"688f493bbd4cf1cc53c2d556","688f463fbd4cf1cc53c2cf93","688f4637bd4cf1cc53c2cf83","Wolverhampton Wanderers","Manchester United","2025-12-06T15:00:00.000Z",15,"2025-12-06T14:00:00.000Z","December 6, 2025 at 08:00 PM","2025-12-05T15:00:00.000Z"
"688f493bbd4cf1cc53c2d557","688f4636bd4cf1cc53c2cf81","688f4643bd4cf1cc53c2cf9b","Everton","Nottingham Forest","2025-12-06T15:00:00.000Z",15,"2025-12-06T14:00:00.000Z","December 6, 2025 at 08:00 PM","2025-12-05T15:00:00.000Z"
"688f493cbd4cf1cc53c2d558","688f4635bd4cf1cc53c2cf7f","688f4640bd4cf1cc53c2cf95","Fulham","Crystal Palace","2025-12-06T15:00:00.000Z",15,"2025-12-06T14:00:00.000Z","December 6, 2025 at 08:00 PM","2025-12-05T15:00:00.000Z"
"688f493dbd4cf1cc53c2d55c","688f4634bd4cf1cc53c2cf7d","688f4630bd4cf1cc53c2cf75","Manchester City","Sunderland","2025-12-06T15:00:00.000Z",15,"2025-12-06T14:00:00.000Z","December 6, 2025 at 08:00 PM","2025-12-05T15:00:00.000Z"
"688f493dbd4cf1cc53c2d55d","688f4631bd4cf1cc53c2cf77","688f4647bd4cf1cc53c2cfa4","Tottenham Hotspur","Brentford","2025-12-06T15:00:00.000Z",15,"2025-12-06T14:00:00.000Z","December 6, 2025 at 08:00 PM","2025-12-05T15:00:00.000Z"
"688f493ebd4cf1cc53c2d55e","688f463cbd4cf1cc53c2cf8d","688f463dbd4cf1cc53c2cf90","Newcastle United","Burnley","2025-12-06T15:00:00.000Z",15,"2025-12-06T14:00:00.000Z","December 6, 2025 at 08:00 PM","2025-12-05T15:00:00.000Z"
"688f4930bd4cf1cc53c2d534","688f4640bd4cf1cc53c2cf95","688f4634bd4cf1cc53c2cf7d","Crystal Palace","Manchester City","2025-12-13T15:00:00.000Z",16,"2025-12-13T14:00:00.000Z","December 13, 2025 at 08:00 PM","2025-12-12T15:00:00.000Z"
"688f493ebd4cf1cc53c2d560","688f4647bd4cf1cc53c2cfa4","688f4644bd4cf1cc53c2cf9e","Brentford","Leeds United","2025-12-13T15:00:00.000Z",16,"2025-12-13T14:00:00.000Z","December 13, 2025 at 08:00 PM","2025-12-12T15:00:00.000Z"
"688f493fbd4cf1cc53c2d561","688f463abd4cf1cc53c2cf8a","688f463fbd4cf1cc53c2cf93","Arsenal","Wolverhampton Wanderers","2025-12-13T15:00:00.000Z",16,"2025-12-13T14:00:00.000Z","December 13, 2025 at 08:00 PM","2025-12-12T15:00:00.000Z"
"688f493fbd4cf1cc53c2d562","688f4639bd4cf1cc53c2cf88","688f4636bd4cf1cc53c2cf81","Chelsea","Everton","2025-12-13T15:00:00.000Z",16,"2025-12-13T14:00:00.000Z","December 13, 2025 at 08:00 PM","2025-12-12T15:00:00.000Z"
"688f493fbd4cf1cc53c2d563","688f4632bd4cf1cc53c2cf7a","688f4646bd4cf1cc53c2cfa1","Liverpool","Brighton & Hove Albion","2025-12-13T15:00:00.000Z",16,"2025-12-13T14:00:00.000Z","December 13, 2025 at 08:00 PM","2025-12-12T15:00:00.000Z"
"688f4940bd4cf1cc53c2d564","688f463dbd4cf1cc53c2cf90","688f4635bd4cf1cc53c2cf7f","Burnley","Fulham","2025-12-13T15:00:00.000Z",16,"2025-12-13T14:00:00.000Z","December 13, 2025 at 08:00 PM","2025-12-12T15:00:00.000Z"
"688f4940bd4cf1cc53c2d565","688f4643bd4cf1cc53c2cf9b","688f4631bd4cf1cc53c2cf77","Nottingham Forest","Tottenham Hotspur","2025-12-13T15:00:00.000Z",16,"2025-12-13T14:00:00.000Z","December 13, 2025 at 08:00 PM","2025-12-12T15:00:00.000Z"
"688f4940bd4cf1cc53c2d566","688f4637bd4cf1cc53c2cf83","688f4641bd4cf1cc53c2cf98","Manchester United","AFC Bournemouth","2025-12-13T15:00:00.000Z",16,"2025-12-13T14:00:00.000Z","December 13, 2025 at 08:00 PM","2025-12-12T15:00:00.000Z"
"688f4941bd4cf1cc53c2d567","688f4630bd4cf1cc53c2cf75","688f463cbd4cf1cc53c2cf8d","Sunderland","Newcastle United","2025-12-13T15:00:00.000Z",16,"2025-12-13T14:00:00.000Z","December 13, 2025 at 08:00 PM","2025-12-12T15:00:00.000Z"
"688f4941bd4cf1cc53c2d568","688f462ebd4cf1cc53c2cf72","688f4638bd4cf1cc53c2cf86","West Ham United","Aston Villa","2025-12-13T15:00:00.000Z",16,"2025-12-13T14:00:00.000Z","December 13, 2025 at 08:00 PM","2025-12-12T15:00:00.000Z"
"688f48fbbd4cf1cc53c2d4a5","688f463fbd4cf1cc53c2cf93","688f4647bd4cf1cc53c2cfa4","Wolverhampton Wanderers","Brentford","2025-12-20T15:00:00.000Z",17,"2025-12-20T14:00:00.000Z","December 20, 2025 at 08:00 PM","2025-12-19T15:00:00.000Z"
"688f48fcbd4cf1cc53c2d4a6","688f463cbd4cf1cc53c2cf8d","688f4639bd4cf1cc53c2cf88","Newcastle United","Chelsea","2025-12-20T15:00:00.000Z",17,"2025-12-20T14:00:00.000Z","December 20, 2025 at 08:00 PM","2025-12-19T15:00:00.000Z"
"688f48fcbd4cf1cc53c2d4a8","688f4631bd4cf1cc53c2cf77","688f4632bd4cf1cc53c2cf7a","Tottenham Hotspur","Liverpool","2025-12-20T15:00:00.000Z",17,"2025-12-20T14:00:00.000Z","December 20, 2025 at 08:00 PM","2025-12-19T15:00:00.000Z"
"688f490cbd4cf1cc53c2d4c4","688f4644bd4cf1cc53c2cf9e","688f4640bd4cf1cc53c2cf95","Leeds United","Crystal Palace","2025-12-20T15:00:00.000Z",17,"2025-12-20T14:00:00.000Z","December 20, 2025 at 08:00 PM","2025-12-19T15:00:00.000Z"
"688f490dbd4cf1cc53c2d4c8","688f4635bd4cf1cc53c2cf7f","688f4643bd4cf1cc53c2cf9b","Fulham","Nottingham Forest","2025-12-20T15:00:00.000Z",17,"2025-12-20T14:00:00.000Z","December 20, 2025 at 08:00 PM","2025-12-19T15:00:00.000Z"
"688f4938bd4cf1cc53c2d54d","688f4636bd4cf1cc53c2cf81","688f463abd4cf1cc53c2cf8a","Everton","Arsenal","2025-12-20T15:00:00.000Z",17,"2025-12-20T14:00:00.000Z","December 20, 2025 at 08:00 PM","2025-12-19T15:00:00.000Z"
"688f4939bd4cf1cc53c2d54f","688f4638bd4cf1cc53c2cf86","688f4637bd4cf1cc53c2cf83","Aston Villa","Manchester United","2025-12-20T15:00:00.000Z",17,"2025-12-20T14:00:00.000Z","December 20, 2025 at 08:00 PM","2025-12-19T15:00:00.000Z"
"688f4939bd4cf1cc53c2d550","688f4641bd4cf1cc53c2cf98","688f463dbd4cf1cc53c2cf90","AFC Bournemouth","Burnley","2025-12-20T15:00:00.000Z",17,"2025-12-20T14:00:00.000Z","December 20, 2025 at 08:00 PM","2025-12-19T15:00:00.000Z"
"688f493cbd4cf1cc53c2d559","688f4634bd4cf1cc53c2cf7d","688f462ebd4cf1cc53c2cf72","Manchester City","West Ham United","2025-12-20T15:00:00.000Z",17,"2025-12-20T14:00:00.000Z","December 20, 2025 at 08:00 PM","2025-12-19T15:00:00.000Z"
"688f4942bd4cf1cc53c2d56a","688f4646bd4cf1cc53c2cfa1","688f4630bd4cf1cc53c2cf75","Brighton & Hove Albion","Sunderland","2025-12-20T15:00:00.000Z",17,"2025-12-20T14:00:00.000Z","December 20, 2025 at 08:00 PM","2025-12-19T15:00:00.000Z"
"688f490cbd4cf1cc53c2d4c5","688f4639bd4cf1cc53c2cf88","688f4638bd4cf1cc53c2cf86","Chelsea","Aston Villa","2025-12-27T15:00:00.000Z",18,"2025-12-27T14:00:00.000Z","December 27, 2025 at 08:00 PM","2025-12-26T15:00:00.000Z"
"688f490ebd4cf1cc53c2d4c9","688f4643bd4cf1cc53c2cf9b","688f4634bd4cf1cc53c2cf7d","Nottingham Forest","Manchester City","2025-12-27T15:00:00.000Z",18,"2025-12-27T14:00:00.000Z","December 27, 2025 at 08:00 PM","2025-12-26T15:00:00.000Z"
"688f490ebd4cf1cc53c2d4ca","688f4632bd4cf1cc53c2cf7a","688f463fbd4cf1cc53c2cf93","Liverpool","Wolverhampton Wanderers","2025-12-27T15:00:00.000Z",18,"2025-12-27T14:00:00.000Z","December 27, 2025 at 08:00 PM","2025-12-26T15:00:00.000Z"
"688f490ebd4cf1cc53c2d4cb","688f463dbd4cf1cc53c2cf90","688f4636bd4cf1cc53c2cf81","Burnley","Everton","2025-12-27T15:00:00.000Z",18,"2025-12-27T14:00:00.000Z","December 27, 2025 at 08:00 PM","2025-12-26T15:00:00.000Z"
"688f490fbd4cf1cc53c2d4cd","688f4640bd4cf1cc53c2cf95","688f4631bd4cf1cc53c2cf77","Crystal Palace","Tottenham Hotspur","2025-12-27T15:00:00.000Z",18,"2025-12-27T14:00:00.000Z","December 27, 2025 at 08:00 PM","2025-12-26T15:00:00.000Z"
"688f490fbd4cf1cc53c2d4ce","688f4637bd4cf1cc53c2cf83","688f463cbd4cf1cc53c2cf8d","Manchester United","Newcastle United","2025-12-27T15:00:00.000Z",18,"2025-12-27T14:00:00.000Z","December 27, 2025 at 08:00 PM","2025-12-26T15:00:00.000Z"
"688f4910bd4cf1cc53c2d4d1","688f462ebd4cf1cc53c2cf72","688f4635bd4cf1cc53c2cf7f","West Ham United","Fulham","2025-12-27T15:00:00.000Z",18,"2025-12-27T14:00:00.000Z","December 27, 2025 at 08:00 PM","2025-12-26T15:00:00.000Z"
"688f493cbd4cf1cc53c2d55a","688f463abd4cf1cc53c2cf8a","688f4646bd4cf1cc53c2cfa1","Arsenal","Brighton & Hove Albion","2025-12-27T15:00:00.000Z",18,"2025-12-27T14:00:00.000Z","December 27, 2025 at 08:00 PM","2025-12-26T15:00:00.000Z"
"688f493dbd4cf1cc53c2d55b","688f4630bd4cf1cc53c2cf75","688f4644bd4cf1cc53c2cf9e","Sunderland","Leeds United","2025-12-27T15:00:00.000Z",18,"2025-12-27T14:00:00.000Z","December 27, 2025 at 08:00 PM","2025-12-26T15:00:00.000Z"
"688f4941bd4cf1cc53c2d569","688f4647bd4cf1cc53c2cfa4","688f4641bd4cf1cc53c2cf98","Brentford","AFC Bournemouth","2025-12-27T15:00:00.000Z",18,"2025-12-27T14:00:00.000Z","December 27, 2025 at 08:00 PM","2025-12-26T15:00:00.000Z"
"688f4911bd4cf1cc53c2d4d3","688f463abd4cf1cc53c2cf8a","688f4638bd4cf1cc53c2cf86","Arsenal","Aston Villa","2025-12-30T20:00:00.000Z",19,"2025-12-30T19:00:00.000Z","December 31, 2025 at 01:00 AM","2025-12-29T20:00:00.000Z"
"688f4912bd4cf1cc53c2d4d5","688f4643bd4cf1cc53c2cf9b","688f4636bd4cf1cc53c2cf81","Nottingham Forest","Everton","2025-12-30T20:00:00.000Z",19,"2025-12-30T19:00:00.000Z","December 31, 2025 at 01:00 AM","2025-12-29T20:00:00.000Z"
"688f4912bd4cf1cc53c2d4d6","688f4630bd4cf1cc53c2cf75","688f4634bd4cf1cc53c2cf7d","Sunderland","Manchester City","2025-12-30T20:00:00.000Z",19,"2025-12-30T19:00:00.000Z","December 31, 2025 at 01:00 AM","2025-12-29T20:00:00.000Z"
"688f4912bd4cf1cc53c2d4d7","688f462ebd4cf1cc53c2cf72","688f4646bd4cf1cc53c2cfa1","West Ham United","Brighton & Hove Albion","2025-12-30T20:00:00.000Z",19,"2025-12-30T19:00:00.000Z","December 31, 2025 at 01:00 AM","2025-12-29T20:00:00.000Z"
"688f4921bd4cf1cc53c2d506","688f4647bd4cf1cc53c2cfa4","688f4631bd4cf1cc53c2cf77","Brentford","Tottenham Hotspur","2025-12-30T20:00:00.000Z",19,"2025-12-30T19:00:00.000Z","December 31, 2025 at 01:00 AM","2025-12-29T20:00:00.000Z"
"688f4922bd4cf1cc53c2d507","688f4640bd4cf1cc53c2cf95","688f4635bd4cf1cc53c2cf7f","Crystal Palace","Fulham","2025-12-30T20:00:00.000Z",19,"2025-12-30T19:00:00.000Z","December 31, 2025 at 01:00 AM","2025-12-29T20:00:00.000Z"
"688f4922bd4cf1cc53c2d508","688f4632bd4cf1cc53c2cf7a","688f4644bd4cf1cc53c2cf9e","Liverpool","Leeds United","2025-12-30T20:00:00.000Z",19,"2025-12-30T19:00:00.000Z","December 31, 2025 at 01:00 AM","2025-12-29T20:00:00.000Z"
"688f4933bd4cf1cc53c2d53e","688f463dbd4cf1cc53c2cf90","688f463cbd4cf1cc53c2cf8d","Burnley","Newcastle United","2025-12-30T20:00:00.000Z",19,"2025-12-30T19:00:00.000Z","December 31, 2025 at 01:00 AM","2025-12-29T20:00:00.000Z"
"688f493ebd4cf1cc53c2d55f","688f4639bd4cf1cc53c2cf88","688f4641bd4cf1cc53c2cf98","Chelsea","AFC Bournemouth","2025-12-30T20:00:00.000Z",19,"2025-12-30T19:00:00.000Z","December 31, 2025 at 01:00 AM","2025-12-29T20:00:00.000Z"
"688f4948bd4cf1cc53c2d57e","688f4637bd4cf1cc53c2cf83","688f463fbd4cf1cc53c2cf93","Manchester United","Wolverhampton Wanderers","2025-12-30T20:00:00.000Z",19,"2025-12-30T19:00:00.000Z","December 31, 2025 at 01:00 AM","2025-12-29T20:00:00.000Z"
"688f4910bd4cf1cc53c2d4cf","688f4636bd4cf1cc53c2cf81","688f4647bd4cf1cc53c2cfa4","Everton","Brentford","2026-01-03T15:00:00.000Z",20,"2026-01-03T14:00:00.000Z","January 3, 2026 at 08:00 PM","2026-01-02T15:00:00.000Z"
"688f4910bd4cf1cc53c2d4d0","688f4641bd4cf1cc53c2cf98","688f463abd4cf1cc53c2cf8a","AFC Bournemouth","Arsenal","2026-01-03T15:00:00.000Z",20,"2026-01-03T14:00:00.000Z","January 3, 2026 at 08:00 PM","2026-01-02T15:00:00.000Z"
"688f4913bd4cf1cc53c2d4d8","688f4638bd4cf1cc53c2cf86","688f4643bd4cf1cc53c2cf9b","Aston Villa","Nottingham Forest","2026-01-03T15:00:00.000Z",20,"2026-01-03T14:00:00.000Z","January 3, 2026 at 08:00 PM","2026-01-02T15:00:00.000Z"
"688f4913bd4cf1cc53c2d4d9","688f4646bd4cf1cc53c2cfa1","688f463dbd4cf1cc53c2cf90","Brighton & Hove Albion","Burnley","2026-01-03T15:00:00.000Z",20,"2026-01-03T14:00:00.000Z","January 3, 2026 at 08:00 PM","2026-01-02T15:00:00.000Z"
"688f4914bd4cf1cc53c2d4db","688f4635bd4cf1cc53c2cf7f","688f4632bd4cf1cc53c2cf7a","Fulham","Liverpool","2026-01-03T15:00:00.000Z",20,"2026-01-03T14:00:00.000Z","January 3, 2026 at 08:00 PM","2026-01-02T15:00:00.000Z"
"688f4914bd4cf1cc53c2d4dc","688f4644bd4cf1cc53c2cf9e","688f4637bd4cf1cc53c2cf83","Leeds United","Manchester United","2026-01-03T15:00:00.000Z",20,"2026-01-03T14:00:00.000Z","January 3, 2026 at 08:00 PM","2026-01-02T15:00:00.000Z"
"688f4915bd4cf1cc53c2d4de","688f463cbd4cf1cc53c2cf8d","688f4640bd4cf1cc53c2cf95","Newcastle United","Crystal Palace","2026-01-03T15:00:00.000Z",20,"2026-01-03T14:00:00.000Z","January 3, 2026 at 08:00 PM","2026-01-02T15:00:00.000Z"
"688f4915bd4cf1cc53c2d4df","688f4634bd4cf1cc53c2cf7d","688f4639bd4cf1cc53c2cf88","Manchester City","Chelsea","2026-01-03T15:00:00.000Z",20,"2026-01-03T14:00:00.000Z","January 3, 2026 at 08:00 PM","2026-01-02T15:00:00.000Z"
"688f4915bd4cf1cc53c2d4e0","688f463fbd4cf1cc53c2cf93","688f462ebd4cf1cc53c2cf72","Wolverhampton Wanderers","West Ham United","2026-01-03T15:00:00.000Z",20,"2026-01-03T14:00:00.000Z","January 3, 2026 at 08:00 PM","2026-01-02T15:00:00.000Z"
"688f4916bd4cf1cc53c2d4e1","688f4631bd4cf1cc53c2cf77","688f4630bd4cf1cc53c2cf75","Tottenham Hotspur","Sunderland","2026-01-03T15:00:00.000Z",20,"2026-01-03T14:00:00.000Z","January 3, 2026 at 08:00 PM","2026-01-02T15:00:00.000Z"
"688f4913bd4cf1cc53c2d4da","688f463dbd4cf1cc53c2cf90","688f4637bd4cf1cc53c2cf83","Burnley","Manchester United","2026-01-07T20:00:00.000Z",21,"2026-01-07T19:00:00.000Z","January 8, 2026 at 01:00 AM","2026-01-06T20:00:00.000Z"
"688f4914bd4cf1cc53c2d4dd","688f4647bd4cf1cc53c2cfa4","688f4630bd4cf1cc53c2cf75","Brentford","Sunderland","2026-01-07T20:00:00.000Z",21,"2026-01-07T19:00:00.000Z","January 8, 2026 at 01:00 AM","2026-01-06T20:00:00.000Z"
"688f4916bd4cf1cc53c2d4e2","688f463abd4cf1cc53c2cf8a","688f4632bd4cf1cc53c2cf7a","Arsenal","Liverpool","2026-01-07T20:00:00.000Z",21,"2026-01-07T19:00:00.000Z","January 8, 2026 at 01:00 AM","2026-01-06T20:00:00.000Z"
"688f4916bd4cf1cc53c2d4e3","688f4640bd4cf1cc53c2cf95","688f4638bd4cf1cc53c2cf86","Crystal Palace","Aston Villa","2026-01-07T20:00:00.000Z",21,"2026-01-07T19:00:00.000Z","January 8, 2026 at 01:00 AM","2026-01-06T20:00:00.000Z"
"688f4917bd4cf1cc53c2d4e4","688f4635bd4cf1cc53c2cf7f","688f4639bd4cf1cc53c2cf88","Fulham","Chelsea","2026-01-07T20:00:00.000Z",21,"2026-01-07T19:00:00.000Z","January 8, 2026 at 01:00 AM","2026-01-06T20:00:00.000Z"
"688f4917bd4cf1cc53c2d4e5","688f4636bd4cf1cc53c2cf81","688f463fbd4cf1cc53c2cf93","Everton","Wolverhampton Wanderers","2026-01-07T20:00:00.000Z",21,"2026-01-07T19:00:00.000Z","January 8, 2026 at 01:00 AM","2026-01-06T20:00:00.000Z"
"688f4917bd4cf1cc53c2d4e6","688f4634bd4cf1cc53c2cf7d","688f4646bd4cf1cc53c2cfa1","Manchester City","Brighton & Hove Albion","2026-01-07T20:00:00.000Z",21,"2026-01-07T19:00:00.000Z","January 8, 2026 at 01:00 AM","2026-01-06T20:00:00.000Z"
"688f4918bd4cf1cc53c2d4ea","688f462ebd4cf1cc53c2cf72","688f4643bd4cf1cc53c2cf9b","West Ham United","Nottingham Forest","2026-01-07T20:00:00.000Z",21,"2026-01-07T19:00:00.000Z","January 8, 2026 at 01:00 AM","2026-01-06T20:00:00.000Z"
"688f4919bd4cf1cc53c2d4eb","688f463cbd4cf1cc53c2cf8d","688f4644bd4cf1cc53c2cf9e","Newcastle United","Leeds United","2026-01-07T20:00:00.000Z",21,"2026-01-07T19:00:00.000Z","January 8, 2026 at 01:00 AM","2026-01-06T20:00:00.000Z"
"688f491abd4cf1cc53c2d4ee","688f4641bd4cf1cc53c2cf98","688f4631bd4cf1cc53c2cf77","AFC Bournemouth","Tottenham Hotspur","2026-01-07T20:00:00.000Z",21,"2026-01-07T19:00:00.000Z","January 8, 2026 at 01:00 AM","2026-01-06T20:00:00.000Z"
"688f490fbd4cf1cc53c2d4cc","688f4643bd4cf1cc53c2cf9b","688f463abd4cf1cc53c2cf8a","Nottingham Forest","Arsenal","2026-01-17T15:00:00.000Z",22,"2026-01-17T14:00:00.000Z","January 17, 2026 at 08:00 PM","2026-01-16T15:00:00.000Z"
"688f4918bd4cf1cc53c2d4e7","688f4638bd4cf1cc53c2cf86","688f4636bd4cf1cc53c2cf81","Aston Villa","Everton","2026-01-17T15:00:00.000Z",22,"2026-01-17T14:00:00.000Z","January 17, 2026 at 08:00 PM","2026-01-16T15:00:00.000Z"
"688f4918bd4cf1cc53c2d4e9","688f4644bd4cf1cc53c2cf9e","688f4635bd4cf1cc53c2cf7f","Leeds United","Fulham","2026-01-17T15:00:00.000Z",22,"2026-01-17T14:00:00.000Z","January 17, 2026 at 08:00 PM","2026-01-16T15:00:00.000Z"
"688f491abd4cf1cc53c2d4ef","688f4646bd4cf1cc53c2cfa1","688f4641bd4cf1cc53c2cf98","Brighton & Hove Albion","AFC Bournemouth","2026-01-17T15:00:00.000Z",22,"2026-01-17T14:00:00.000Z","January 17, 2026 at 08:00 PM","2026-01-16T15:00:00.000Z"
"688f491bbd4cf1cc53c2d4f1","688f4639bd4cf1cc53c2cf88","688f4647bd4cf1cc53c2cfa4","Chelsea","Brentford","2026-01-17T15:00:00.000Z",22,"2026-01-17T14:00:00.000Z","January 17, 2026 at 08:00 PM","2026-01-16T15:00:00.000Z"
"688f491bbd4cf1cc53c2d4f3","688f4632bd4cf1cc53c2cf7a","688f463dbd4cf1cc53c2cf90","Liverpool","Burnley","2026-01-17T15:00:00.000Z",22,"2026-01-17T14:00:00.000Z","January 17, 2026 at 08:00 PM","2026-01-16T15:00:00.000Z"
"688f491cbd4cf1cc53c2d4f4","688f4637bd4cf1cc53c2cf83","688f4634bd4cf1cc53c2cf7d","Manchester United","Manchester City","2026-01-17T15:00:00.000Z",22,"2026-01-17T14:00:00.000Z","January 17, 2026 at 08:00 PM","2026-01-16T15:00:00.000Z"
"688f491cbd4cf1cc53c2d4f5","688f4630bd4cf1cc53c2cf75","688f4640bd4cf1cc53c2cf95","Sunderland","Crystal Palace","2026-01-17T15:00:00.000Z",22,"2026-01-17T14:00:00.000Z","January 17, 2026 at 08:00 PM","2026-01-16T15:00:00.000Z"
"688f491cbd4cf1cc53c2d4f6","688f4631bd4cf1cc53c2cf77","688f462ebd4cf1cc53c2cf72","Tottenham Hotspur","West Ham United","2026-01-17T15:00:00.000Z",22,"2026-01-17T14:00:00.000Z","January 17, 2026 at 08:00 PM","2026-01-16T15:00:00.000Z"
"688f491dbd4cf1cc53c2d4f8","688f463fbd4cf1cc53c2cf93","688f463cbd4cf1cc53c2cf8d","Wolverhampton Wanderers","Newcastle United","2026-01-17T15:00:00.000Z",22,"2026-01-17T14:00:00.000Z","January 17, 2026 at 08:00 PM","2026-01-16T15:00:00.000Z"
"688f48fdbd4cf1cc53c2d4a9","688f4647bd4cf1cc53c2cfa4","688f4643bd4cf1cc53c2cf9b","Brentford","Nottingham Forest","2026-01-24T15:00:00.000Z",23,"2026-01-24T14:00:00.000Z","January 24, 2026 at 08:00 PM","2026-01-23T15:00:00.000Z"
"688f48febd4cf1cc53c2d4aa","688f463dbd4cf1cc53c2cf90","688f4631bd4cf1cc53c2cf77","Burnley","Tottenham Hotspur","2026-01-24T15:00:00.000Z",23,"2026-01-24T14:00:00.000Z","January 24, 2026 at 08:00 PM","2026-01-23T15:00:00.000Z"
"688f4900bd4cf1cc53c2d4ab","688f4640bd4cf1cc53c2cf95","688f4639bd4cf1cc53c2cf88","Crystal Palace","Chelsea","2026-01-24T15:00:00.000Z",23,"2026-01-24T14:00:00.000Z","January 24, 2026 at 08:00 PM","2026-01-23T15:00:00.000Z"
"688f4911bd4cf1cc53c2d4d2","688f4636bd4cf1cc53c2cf81","688f4644bd4cf1cc53c2cf9e","Everton","Leeds United","2026-01-24T15:00:00.000Z",23,"2026-01-24T14:00:00.000Z","January 24, 2026 at 08:00 PM","2026-01-23T15:00:00.000Z"
"688f4911bd4cf1cc53c2d4d4","688f4635bd4cf1cc53c2cf7f","688f4646bd4cf1cc53c2cfa1","Fulham","Brighton & Hove Albion","2026-01-24T15:00:00.000Z",23,"2026-01-24T14:00:00.000Z","January 24, 2026 at 08:00 PM","2026-01-23T15:00:00.000Z"
"688f491bbd4cf1cc53c2d4f2","688f4641bd4cf1cc53c2cf98","688f4632bd4cf1cc53c2cf7a","AFC Bournemouth","Liverpool","2026-01-24T15:00:00.000Z",23,"2026-01-24T14:00:00.000Z","January 24, 2026 at 08:00 PM","2026-01-23T15:00:00.000Z"
"688f491dbd4cf1cc53c2d4f7","688f463abd4cf1cc53c2cf8a","688f4637bd4cf1cc53c2cf83","Arsenal","Manchester United","2026-01-24T15:00:00.000Z",23,"2026-01-24T14:00:00.000Z","January 24, 2026 at 08:00 PM","2026-01-23T15:00:00.000Z"
"688f491dbd4cf1cc53c2d4f9","688f463cbd4cf1cc53c2cf8d","688f4638bd4cf1cc53c2cf86","Newcastle United","Aston Villa","2026-01-24T15:00:00.000Z",23,"2026-01-24T14:00:00.000Z","January 24, 2026 at 08:00 PM","2026-01-23T15:00:00.000Z"
"688f491ebd4cf1cc53c2d4fb","688f462ebd4cf1cc53c2cf72","688f4630bd4cf1cc53c2cf75","West Ham United","Sunderland","2026-01-24T15:00:00.000Z",23,"2026-01-24T14:00:00.000Z","January 24, 2026 at 08:00 PM","2026-01-23T15:00:00.000Z"
"688f4948bd4cf1cc53c2d57d","688f4634bd4cf1cc53c2cf7d","688f463fbd4cf1cc53c2cf93","Manchester City","Wolverhampton Wanderers","2026-01-24T15:00:00.000Z",23,"2026-01-24T14:00:00.000Z","January 24, 2026 at 08:00 PM","2026-01-23T15:00:00.000Z"
"688f491ebd4cf1cc53c2d4fa","688f4638bd4cf1cc53c2cf86","688f4647bd4cf1cc53c2cfa4","Aston Villa","Brentford","2026-01-31T15:00:00.000Z",24,"2026-01-31T14:00:00.000Z","January 31, 2026 at 08:00 PM","2026-01-30T15:00:00.000Z"
"688f491ebd4cf1cc53c2d4fc","688f4646bd4cf1cc53c2cfa1","688f4636bd4cf1cc53c2cf81","Brighton & Hove Albion","Everton","2026-01-31T15:00:00.000Z",24,"2026-01-31T14:00:00.000Z","January 31, 2026 at 08:00 PM","2026-01-30T15:00:00.000Z"
"688f491fbd4cf1cc53c2d4fd","688f4644bd4cf1cc53c2cf9e","688f463abd4cf1cc53c2cf8a","Leeds United","Arsenal","2026-01-31T15:00:00.000Z",24,"2026-01-31T14:00:00.000Z","January 31, 2026 at 08:00 PM","2026-01-30T15:00:00.000Z"
"688f491fbd4cf1cc53c2d4fe","688f4639bd4cf1cc53c2cf88","688f462ebd4cf1cc53c2cf72","Chelsea","West Ham United","2026-01-31T15:00:00.000Z",24,"2026-01-31T14:00:00.000Z","January 31, 2026 at 08:00 PM","2026-01-30T15:00:00.000Z"
"688f491fbd4cf1cc53c2d4ff","688f4630bd4cf1cc53c2cf75","688f463dbd4cf1cc53c2cf90","Sunderland","Burnley","2026-01-31T15:00:00.000Z",24,"2026-01-31T14:00:00.000Z","January 31, 2026 at 08:00 PM","2026-01-30T15:00:00.000Z"
"688f4920bd4cf1cc53c2d500","688f4632bd4cf1cc53c2cf7a","688f463cbd4cf1cc53c2cf8d","Liverpool","Newcastle United","2026-01-31T15:00:00.000Z",24,"2026-01-31T14:00:00.000Z","January 31, 2026 at 08:00 PM","2026-01-30T15:00:00.000Z"
"688f4920bd4cf1cc53c2d501","688f4643bd4cf1cc53c2cf9b","688f4640bd4cf1cc53c2cf95","Nottingham Forest","Crystal Palace","2026-01-31T15:00:00.000Z",24,"2026-01-31T14:00:00.000Z","January 31, 2026 at 08:00 PM","2026-01-30T15:00:00.000Z"
"688f4920bd4cf1cc53c2d502","688f4637bd4cf1cc53c2cf83","688f4635bd4cf1cc53c2cf7f","Manchester United","Fulham","2026-01-31T15:00:00.000Z",24,"2026-01-31T14:00:00.000Z","January 31, 2026 at 08:00 PM","2026-01-30T15:00:00.000Z"
"688f4921bd4cf1cc53c2d504","688f4631bd4cf1cc53c2cf77","688f4634bd4cf1cc53c2cf7d","Tottenham Hotspur","Manchester City","2026-01-31T15:00:00.000Z",24,"2026-01-31T14:00:00.000Z","January 31, 2026 at 08:00 PM","2026-01-30T15:00:00.000Z"
"688f4921bd4cf1cc53c2d505","688f463fbd4cf1cc53c2cf93","688f4641bd4cf1cc53c2cf98","Wolverhampton Wanderers","AFC Bournemouth","2026-01-31T15:00:00.000Z",24,"2026-01-31T14:00:00.000Z","January 31, 2026 at 08:00 PM","2026-01-30T15:00:00.000Z"
"688f491abd4cf1cc53c2d4f0","688f463fbd4cf1cc53c2cf93","688f4639bd4cf1cc53c2cf88","Wolverhampton Wanderers","Chelsea","2026-02-07T15:00:00.000Z",25,"2026-02-07T14:00:00.000Z","February 7, 2026 at 08:00 PM","2026-02-06T15:00:00.000Z"
"688f4921bd4cf1cc53c2d503","688f463abd4cf1cc53c2cf8a","688f4630bd4cf1cc53c2cf75","Arsenal","Sunderland","2026-02-07T15:00:00.000Z",25,"2026-02-07T14:00:00.000Z","February 7, 2026 at 08:00 PM","2026-02-06T15:00:00.000Z"
"688f4923bd4cf1cc53c2d50b","688f4641bd4cf1cc53c2cf98","688f4638bd4cf1cc53c2cf86","AFC Bournemouth","Aston Villa","2026-02-07T15:00:00.000Z",25,"2026-02-07T14:00:00.000Z","February 7, 2026 at 08:00 PM","2026-02-06T15:00:00.000Z"
"688f4923bd4cf1cc53c2d50c","688f4646bd4cf1cc53c2cfa1","688f4640bd4cf1cc53c2cf95","Brighton & Hove Albion","Crystal Palace","2026-02-07T15:00:00.000Z",25,"2026-02-07T14:00:00.000Z","February 7, 2026 at 08:00 PM","2026-02-06T15:00:00.000Z"
"688f4925bd4cf1cc53c2d510","688f463dbd4cf1cc53c2cf90","688f462ebd4cf1cc53c2cf72","Burnley","West Ham United","2026-02-07T15:00:00.000Z",25,"2026-02-07T14:00:00.000Z","February 7, 2026 at 08:00 PM","2026-02-06T15:00:00.000Z"
"688f4925bd4cf1cc53c2d511","688f4635bd4cf1cc53c2cf7f","688f4636bd4cf1cc53c2cf81","Fulham","Everton","2026-02-07T15:00:00.000Z",25,"2026-02-07T14:00:00.000Z","February 7, 2026 at 08:00 PM","2026-02-06T15:00:00.000Z"
"688f4925bd4cf1cc53c2d512","688f4632bd4cf1cc53c2cf7a","688f4634bd4cf1cc53c2cf7d","Liverpool","Manchester City","2026-02-07T15:00:00.000Z",25,"2026-02-07T14:00:00.000Z","February 7, 2026 at 08:00 PM","2026-02-06T15:00:00.000Z"
"688f4926bd4cf1cc53c2d513","688f4644bd4cf1cc53c2cf9e","688f4643bd4cf1cc53c2cf9b","Leeds United","Nottingham Forest","2026-02-07T15:00:00.000Z",25,"2026-02-07T14:00:00.000Z","February 7, 2026 at 08:00 PM","2026-02-06T15:00:00.000Z"
"688f4926bd4cf1cc53c2d514","688f4637bd4cf1cc53c2cf83","688f4631bd4cf1cc53c2cf77","Manchester United","Tottenham Hotspur","2026-02-07T15:00:00.000Z",25,"2026-02-07T14:00:00.000Z","February 7, 2026 at 08:00 PM","2026-02-06T15:00:00.000Z"
"688f4926bd4cf1cc53c2d515","688f463cbd4cf1cc53c2cf8d","688f4647bd4cf1cc53c2cfa4","Newcastle United","Brentford","2026-02-07T15:00:00.000Z",25,"2026-02-07T14:00:00.000Z","February 7, 2026 at 08:00 PM","2026-02-06T15:00:00.000Z"
"688f48ecbd4cf1cc53c2d475","688f4631bd4cf1cc53c2cf77","688f463cbd4cf1cc53c2cf8d","Tottenham Hotspur","Newcastle United","2026-02-11T20:00:00.000Z",26,"2026-02-11T19:00:00.000Z","February 12, 2026 at 01:00 AM","2026-02-10T20:00:00.000Z"
"688f48eebd4cf1cc53c2d47b","688f462ebd4cf1cc53c2cf72","688f4637bd4cf1cc53c2cf83","West Ham United","Manchester United","2026-02-11T20:00:00.000Z",26,"2026-02-11T19:00:00.000Z","February 12, 2026 at 01:00 AM","2026-02-10T20:00:00.000Z"
"688f4927bd4cf1cc53c2d516","688f4638bd4cf1cc53c2cf86","688f4646bd4cf1cc53c2cfa1","Aston Villa","Brighton & Hove Albion","2026-02-11T20:00:00.000Z",26,"2026-02-11T19:00:00.000Z","February 12, 2026 at 01:00 AM","2026-02-10T20:00:00.000Z"
"688f4927bd4cf1cc53c2d517","688f4647bd4cf1cc53c2cfa4","688f463abd4cf1cc53c2cf8a","Brentford","Arsenal","2026-02-11T20:00:00.000Z",26,"2026-02-11T19:00:00.000Z","February 12, 2026 at 01:00 AM","2026-02-10T20:00:00.000Z"
"688f4927bd4cf1cc53c2d518","688f4643bd4cf1cc53c2cf9b","688f463fbd4cf1cc53c2cf93","Nottingham Forest","Wolverhampton Wanderers","2026-02-11T20:00:00.000Z",26,"2026-02-11T19:00:00.000Z","February 12, 2026 at 01:00 AM","2026-02-10T20:00:00.000Z"
"688f4928bd4cf1cc53c2d519","688f4639bd4cf1cc53c2cf88","688f4644bd4cf1cc53c2cf9e","Chelsea","Leeds United","2026-02-11T20:00:00.000Z",26,"2026-02-11T19:00:00.000Z","February 12, 2026 at 01:00 AM","2026-02-10T20:00:00.000Z"
"688f4928bd4cf1cc53c2d51a","688f4640bd4cf1cc53c2cf95","688f463dbd4cf1cc53c2cf90","Crystal Palace","Burnley","2026-02-11T20:00:00.000Z",26,"2026-02-11T19:00:00.000Z","February 12, 2026 at 01:00 AM","2026-02-10T20:00:00.000Z"
"688f4928bd4cf1cc53c2d51b","688f4634bd4cf1cc53c2cf7d","688f4635bd4cf1cc53c2cf7f","Manchester City","Fulham","2026-02-11T20:00:00.000Z",26,"2026-02-11T19:00:00.000Z","February 12, 2026 at 01:00 AM","2026-02-10T20:00:00.000Z"
"688f492abd4cf1cc53c2d51f","688f4636bd4cf1cc53c2cf81","688f4641bd4cf1cc53c2cf98","Everton","AFC Bournemouth","2026-02-11T20:00:00.000Z",26,"2026-02-11T19:00:00.000Z","February 12, 2026 at 01:00 AM","2026-02-10T20:00:00.000Z"
"688f4933bd4cf1cc53c2d53c","688f4630bd4cf1cc53c2cf75","688f4632bd4cf1cc53c2cf7a","Sunderland","Liverpool","2026-02-11T20:00:00.000Z",26,"2026-02-11T19:00:00.000Z","February 12, 2026 at 01:00 AM","2026-02-10T20:00:00.000Z"
"688f4929bd4cf1cc53c2d51c","688f4638bd4cf1cc53c2cf86","688f4644bd4cf1cc53c2cf9e","Aston Villa","Leeds United","2026-02-21T15:00:00.000Z",27,"2026-02-21T14:00:00.000Z","February 21, 2026 at 08:00 PM","2026-02-20T15:00:00.000Z"
"688f494abd4cf1cc53c2d583","688f4640bd4cf1cc53c2cf95","688f463fbd4cf1cc53c2cf93","Crystal Palace","Wolverhampton Wanderers","2026-02-21T15:00:00.000Z",27,"2026-02-21T14:00:00.000Z","February 21, 2026 at 08:00 PM","2026-02-20T15:00:00.000Z"
"688f494abd4cf1cc53c2d584","688f4647bd4cf1cc53c2cfa4","688f4646bd4cf1cc53c2cfa1","Brentford","Brighton & Hove Albion","2026-02-21T15:00:00.000Z",27,"2026-02-21T14:00:00.000Z","February 21, 2026 at 08:00 PM","2026-02-20T15:00:00.000Z"
"688f494abd4cf1cc53c2d585","688f462ebd4cf1cc53c2cf72","688f4641bd4cf1cc53c2cf98","West Ham United","AFC Bournemouth","2026-02-21T15:00:00.000Z",27,"2026-02-21T14:00:00.000Z","February 21, 2026 at 08:00 PM","2026-02-20T15:00:00.000Z"
"688f494ebd4cf1cc53c2d591","688f4630bd4cf1cc53c2cf75","688f4635bd4cf1cc53c2cf7f","Sunderland","Fulham","2026-02-21T15:00:00.000Z",27,"2026-02-21T14:00:00.000Z","February 21, 2026 at 08:00 PM","2026-02-20T15:00:00.000Z"
"688f4950bd4cf1cc53c2d596","688f4636bd4cf1cc53c2cf81","688f4637bd4cf1cc53c2cf83","Everton","Manchester United","2026-02-21T15:00:00.000Z",27,"2026-02-21T14:00:00.000Z","February 21, 2026 at 08:00 PM","2026-02-20T15:00:00.000Z"
"688f4950bd4cf1cc53c2d597","688f4639bd4cf1cc53c2cf88","688f463dbd4cf1cc53c2cf90","Chelsea","Burnley","2026-02-21T15:00:00.000Z",27,"2026-02-21T14:00:00.000Z","February 21, 2026 at 08:00 PM","2026-02-20T15:00:00.000Z"
"688f4951bd4cf1cc53c2d599","688f4634bd4cf1cc53c2cf7d","688f463cbd4cf1cc53c2cf8d","Manchester City","Newcastle United","2026-02-21T15:00:00.000Z",27,"2026-02-21T14:00:00.000Z","February 21, 2026 at 08:00 PM","2026-02-20T15:00:00.000Z"
"688f4951bd4cf1cc53c2d59a","688f4643bd4cf1cc53c2cf9b","688f4632bd4cf1cc53c2cf7a","Nottingham Forest","Liverpool","2026-02-21T15:00:00.000Z",27,"2026-02-21T14:00:00.000Z","February 21, 2026 at 08:00 PM","2026-02-20T15:00:00.000Z"
"688f4951bd4cf1cc53c2d59b","688f4631bd4cf1cc53c2cf77","688f463abd4cf1cc53c2cf8a","Tottenham Hotspur","Arsenal","2026-02-21T15:00:00.000Z",27,"2026-02-21T14:00:00.000Z","February 21, 2026 at 08:00 PM","2026-02-20T15:00:00.000Z"
"688f4948bd4cf1cc53c2d57f","688f463fbd4cf1cc53c2cf93","688f4638bd4cf1cc53c2cf86","Wolverhampton Wanderers","Aston Villa","2026-02-28T15:00:00.000Z",28,"2026-02-28T14:00:00.000Z","February 28, 2026 at 08:00 PM","2026-02-27T15:00:00.000Z"
"688f494bbd4cf1cc53c2d586","688f463dbd4cf1cc53c2cf90","688f4647bd4cf1cc53c2cfa4","Burnley","Brentford","2026-02-28T15:00:00.000Z",28,"2026-02-28T14:00:00.000Z","February 28, 2026 at 08:00 PM","2026-02-27T15:00:00.000Z"
"688f494bbd4cf1cc53c2d587","688f4635bd4cf1cc53c2cf7f","688f4631bd4cf1cc53c2cf77","Fulham","Tottenham Hotspur","2026-02-28T15:00:00.000Z",28,"2026-02-28T14:00:00.000Z","February 28, 2026 at 08:00 PM","2026-02-27T15:00:00.000Z"
"688f494ebd4cf1cc53c2d592","688f463abd4cf1cc53c2cf8a","688f4639bd4cf1cc53c2cf88","Arsenal","Chelsea","2026-02-28T15:00:00.000Z",28,"2026-02-28T14:00:00.000Z","February 28, 2026 at 08:00 PM","2026-02-27T15:00:00.000Z"
"688f494fbd4cf1cc53c2d593","688f4644bd4cf1cc53c2cf9e","688f4634bd4cf1cc53c2cf7d","Leeds United","Manchester City","2026-02-28T15:00:00.000Z",28,"2026-02-28T14:00:00.000Z","February 28, 2026 at 08:00 PM","2026-02-27T15:00:00.000Z"
"688f4950bd4cf1cc53c2d598","688f4646bd4cf1cc53c2cfa1","688f4643bd4cf1cc53c2cf9b","Brighton & Hove Albion","Nottingham Forest","2026-02-28T15:00:00.000Z",28,"2026-02-28T14:00:00.000Z","February 28, 2026 at 08:00 PM","2026-02-27T15:00:00.000Z"
"688f4952bd4cf1cc53c2d59c","688f4641bd4cf1cc53c2cf98","688f4630bd4cf1cc53c2cf75","AFC Bournemouth","Sunderland","2026-02-28T15:00:00.000Z",28,"2026-02-28T14:00:00.000Z","February 28, 2026 at 08:00 PM","2026-02-27T15:00:00.000Z"
"688f4952bd4cf1cc53c2d59d","688f4637bd4cf1cc53c2cf83","688f4640bd4cf1cc53c2cf95","Manchester United","Crystal Palace","2026-02-28T15:00:00.000Z",28,"2026-02-28T14:00:00.000Z","February 28, 2026 at 08:00 PM","2026-02-27T15:00:00.000Z"
"688f4953bd4cf1cc53c2d59f","688f4632bd4cf1cc53c2cf7a","688f462ebd4cf1cc53c2cf72","Liverpool","West Ham United","2026-02-28T15:00:00.000Z",28,"2026-02-28T14:00:00.000Z","February 28, 2026 at 08:00 PM","2026-02-27T15:00:00.000Z"
"688f4953bd4cf1cc53c2d5a0","688f463cbd4cf1cc53c2cf8d","688f4636bd4cf1cc53c2cf81","Newcastle United","Everton","2026-02-28T15:00:00.000Z",28,"2026-02-28T14:00:00.000Z","February 28, 2026 at 08:00 PM","2026-02-27T15:00:00.000Z"
"688f494fbd4cf1cc53c2d594","688f463cbd4cf1cc53c2cf8d","688f4637bd4cf1cc53c2cf83","Newcastle United","Manchester United","2026-03-04T20:00:00.000Z",29,"2026-03-04T19:00:00.000Z","March 5, 2026 at 01:00 AM","2026-03-03T20:00:00.000Z"
"688f4952bd4cf1cc53c2d59e","688f4646bd4cf1cc53c2cfa1","688f463abd4cf1cc53c2cf8a","Brighton & Hove Albion","Arsenal","2026-03-04T20:00:00.000Z",29,"2026-03-04T19:00:00.000Z","March 5, 2026 at 01:00 AM","2026-03-03T20:00:00.000Z"
"688f4953bd4cf1cc53c2d5a1","688f4638bd4cf1cc53c2cf86","688f4639bd4cf1cc53c2cf88","Aston Villa","Chelsea","2026-03-04T20:00:00.000Z",29,"2026-03-04T19:00:00.000Z","March 5, 2026 at 01:00 AM","2026-03-03T20:00:00.000Z"
"688f4954bd4cf1cc53c2d5a2","688f4641bd4cf1cc53c2cf98","688f4647bd4cf1cc53c2cfa4","AFC Bournemouth","Brentford","2026-03-04T20:00:00.000Z",29,"2026-03-04T19:00:00.000Z","March 5, 2026 at 01:00 AM","2026-03-03T20:00:00.000Z"
"688f4954bd4cf1cc53c2d5a3","688f4636bd4cf1cc53c2cf81","688f463dbd4cf1cc53c2cf90","Everton","Burnley","2026-03-04T20:00:00.000Z",29,"2026-03-04T19:00:00.000Z","March 5, 2026 at 01:00 AM","2026-03-03T20:00:00.000Z"
"688f4954bd4cf1cc53c2d5a4","688f4635bd4cf1cc53c2cf7f","688f462ebd4cf1cc53c2cf72","Fulham","West Ham United","2026-03-04T20:00:00.000Z",29,"2026-03-04T19:00:00.000Z","March 5, 2026 at 01:00 AM","2026-03-03T20:00:00.000Z"
"688f4955bd4cf1cc53c2d5a5","688f4644bd4cf1cc53c2cf9e","688f4630bd4cf1cc53c2cf75","Leeds United","Sunderland","2026-03-04T20:00:00.000Z",29,"2026-03-04T19:00:00.000Z","March 5, 2026 at 01:00 AM","2026-03-03T20:00:00.000Z"
"688f4955bd4cf1cc53c2d5a6","688f4634bd4cf1cc53c2cf7d","688f4643bd4cf1cc53c2cf9b","Manchester City","Nottingham Forest","2026-03-04T20:00:00.000Z",29,"2026-03-04T19:00:00.000Z","March 5, 2026 at 01:00 AM","2026-03-03T20:00:00.000Z"
"688f4955bd4cf1cc53c2d5a7","688f4631bd4cf1cc53c2cf77","688f4640bd4cf1cc53c2cf95","Tottenham Hotspur","Crystal Palace","2026-03-04T20:00:00.000Z",29,"2026-03-04T19:00:00.000Z","March 5, 2026 at 01:00 AM","2026-03-03T20:00:00.000Z"
"688f4956bd4cf1cc53c2d5a8","688f463fbd4cf1cc53c2cf93","688f4632bd4cf1cc53c2cf7a","Wolverhampton Wanderers","Liverpool","2026-03-04T20:00:00.000Z",29,"2026-03-04T19:00:00.000Z","March 5, 2026 at 01:00 AM","2026-03-03T20:00:00.000Z"
"688f4949bd4cf1cc53c2d580","688f463dbd4cf1cc53c2cf90","688f4641bd4cf1cc53c2cf98","Burnley","AFC Bournemouth","2026-03-14T15:00:00.000Z",30,"2026-03-14T14:00:00.000Z","March 14, 2026 at 08:00 PM","2026-03-13T15:00:00.000Z"
"688f494bbd4cf1cc53c2d588","688f4640bd4cf1cc53c2cf95","688f4644bd4cf1cc53c2cf9e","Crystal Palace","Leeds United","2026-03-14T15:00:00.000Z",30,"2026-03-14T14:00:00.000Z","March 14, 2026 at 08:00 PM","2026-03-13T15:00:00.000Z"
"688f4956bd4cf1cc53c2d5a9","688f463abd4cf1cc53c2cf8a","688f4636bd4cf1cc53c2cf81","Arsenal","Everton","2026-03-14T15:00:00.000Z",30,"2026-03-14T14:00:00.000Z","March 14, 2026 at 08:00 PM","2026-03-13T15:00:00.000Z"
"688f4956bd4cf1cc53c2d5aa","688f4647bd4cf1cc53c2cfa4","688f463fbd4cf1cc53c2cf93","Brentford","Wolverhampton Wanderers","2026-03-14T15:00:00.000Z",30,"2026-03-14T14:00:00.000Z","March 14, 2026 at 08:00 PM","2026-03-13T15:00:00.000Z"
"688f4957bd4cf1cc53c2d5ab","688f4632bd4cf1cc53c2cf7a","688f4631bd4cf1cc53c2cf77","Liverpool","Tottenham Hotspur","2026-03-14T15:00:00.000Z",30,"2026-03-14T14:00:00.000Z","March 14, 2026 at 08:00 PM","2026-03-13T15:00:00.000Z"
"688f4957bd4cf1cc53c2d5ac","688f4639bd4cf1cc53c2cf88","688f463cbd4cf1cc53c2cf8d","Chelsea","Newcastle United","2026-03-14T15:00:00.000Z",30,"2026-03-14T14:00:00.000Z","March 14, 2026 at 08:00 PM","2026-03-13T15:00:00.000Z"
"688f4957bd4cf1cc53c2d5ad","688f4637bd4cf1cc53c2cf83","688f4638bd4cf1cc53c2cf86","Manchester United","Aston Villa","2026-03-14T15:00:00.000Z",30,"2026-03-14T14:00:00.000Z","March 14, 2026 at 08:00 PM","2026-03-13T15:00:00.000Z"
"688f4958bd4cf1cc53c2d5ae","688f4643bd4cf1cc53c2cf9b","688f4635bd4cf1cc53c2cf7f","Nottingham Forest","Fulham","2026-03-14T15:00:00.000Z",30,"2026-03-14T14:00:00.000Z","March 14, 2026 at 08:00 PM","2026-03-13T15:00:00.000Z"
"688f4958bd4cf1cc53c2d5af","688f4630bd4cf1cc53c2cf75","688f4646bd4cf1cc53c2cfa1","Sunderland","Brighton & Hove Albion","2026-03-14T15:00:00.000Z",30,"2026-03-14T14:00:00.000Z","March 14, 2026 at 08:00 PM","2026-03-13T15:00:00.000Z"
"688f4958bd4cf1cc53c2d5b0","688f462ebd4cf1cc53c2cf72","688f4634bd4cf1cc53c2cf7d","West Ham United","Manchester City","2026-03-14T15:00:00.000Z",30,"2026-03-14T14:00:00.000Z","March 14, 2026 at 08:00 PM","2026-03-13T15:00:00.000Z"
"688f48eebd4cf1cc53c2d47a","688f463fbd4cf1cc53c2cf93","688f463abd4cf1cc53c2cf8a","Wolverhampton Wanderers","Arsenal","2026-03-21T15:00:00.000Z",31,"2026-03-21T14:00:00.000Z","March 21, 2026 at 08:00 PM","2026-03-20T15:00:00.000Z"
"688f494cbd4cf1cc53c2d589","688f4631bd4cf1cc53c2cf77","688f4643bd4cf1cc53c2cf9b","Tottenham Hotspur","Nottingham Forest","2026-03-21T15:00:00.000Z",31,"2026-03-21T14:00:00.000Z","March 21, 2026 at 08:00 PM","2026-03-20T15:00:00.000Z"
"688f4958bd4cf1cc53c2d5b1","688f4641bd4cf1cc53c2cf98","688f4637bd4cf1cc53c2cf83","AFC Bournemouth","Manchester United","2026-03-21T15:00:00.000Z",31,"2026-03-21T14:00:00.000Z","March 21, 2026 at 08:00 PM","2026-03-20T15:00:00.000Z"
"688f4959bd4cf1cc53c2d5b3","688f4638bd4cf1cc53c2cf86","688f462ebd4cf1cc53c2cf72","Aston Villa","West Ham United","2026-03-21T15:00:00.000Z",31,"2026-03-21T14:00:00.000Z","March 21, 2026 at 08:00 PM","2026-03-20T15:00:00.000Z"
"688f4959bd4cf1cc53c2d5b4","688f4646bd4cf1cc53c2cfa1","688f4632bd4cf1cc53c2cf7a","Brighton & Hove Albion","Liverpool","2026-03-21T15:00:00.000Z",31,"2026-03-21T14:00:00.000Z","March 21, 2026 at 08:00 PM","2026-03-20T15:00:00.000Z"
"688f495abd4cf1cc53c2d5b5","688f4636bd4cf1cc53c2cf81","688f4639bd4cf1cc53c2cf88","Everton","Chelsea","2026-03-21T15:00:00.000Z",31,"2026-03-21T14:00:00.000Z","March 21, 2026 at 08:00 PM","2026-03-20T15:00:00.000Z"
"688f495abd4cf1cc53c2d5b6","688f4635bd4cf1cc53c2cf7f","688f463dbd4cf1cc53c2cf90","Fulham","Burnley","2026-03-21T15:00:00.000Z",31,"2026-03-21T14:00:00.000Z","March 21, 2026 at 08:00 PM","2026-03-20T15:00:00.000Z"
"688f495abd4cf1cc53c2d5b7","688f4644bd4cf1cc53c2cf9e","688f4647bd4cf1cc53c2cfa4","Leeds United","Brentford","2026-03-21T15:00:00.000Z",31,"2026-03-21T14:00:00.000Z","March 21, 2026 at 08:00 PM","2026-03-20T15:00:00.000Z"
"688f495bbd4cf1cc53c2d5b8","688f4634bd4cf1cc53c2cf7d","688f4640bd4cf1cc53c2cf95","Manchester City","Crystal Palace","2026-03-21T15:00:00.000Z",31,"2026-03-21T14:00:00.000Z","March 21, 2026 at 08:00 PM","2026-03-20T15:00:00.000Z"
"688f495bbd4cf1cc53c2d5b9","688f463cbd4cf1cc53c2cf8d","688f4630bd4cf1cc53c2cf75","Newcastle United","Sunderland","2026-03-21T15:00:00.000Z",31,"2026-03-21T14:00:00.000Z","March 21, 2026 at 08:00 PM","2026-03-20T15:00:00.000Z"
"688f4922bd4cf1cc53c2d509","688f4647bd4cf1cc53c2cfa4","688f4636bd4cf1cc53c2cf81","Brentford","Everton","2026-04-11T14:00:00.000Z",32,"2026-04-11T13:00:00.000Z","April 11, 2026 at 07:00 PM","2026-04-10T14:00:00.000Z"
"688f4924bd4cf1cc53c2d50d","688f463abd4cf1cc53c2cf8a","688f4641bd4cf1cc53c2cf98","Arsenal","AFC Bournemouth","2026-04-11T14:00:00.000Z",32,"2026-04-11T13:00:00.000Z","April 11, 2026 at 07:00 PM","2026-04-10T14:00:00.000Z"
"688f4924bd4cf1cc53c2d50e","688f4637bd4cf1cc53c2cf83","688f4644bd4cf1cc53c2cf9e","Manchester United","Leeds United","2026-04-11T14:00:00.000Z",32,"2026-04-11T13:00:00.000Z","April 11, 2026 at 07:00 PM","2026-04-10T14:00:00.000Z"
"688f4924bd4cf1cc53c2d50f","688f462ebd4cf1cc53c2cf72","688f463fbd4cf1cc53c2cf93","West Ham United","Wolverhampton Wanderers","2026-04-11T14:00:00.000Z",32,"2026-04-11T13:00:00.000Z","April 11, 2026 at 07:00 PM","2026-04-10T14:00:00.000Z"
"688f4942bd4cf1cc53c2d56b","688f4643bd4cf1cc53c2cf9b","688f4638bd4cf1cc53c2cf86","Nottingham Forest","Aston Villa","2026-04-11T14:00:00.000Z",32,"2026-04-11T13:00:00.000Z","April 11, 2026 at 07:00 PM","2026-04-10T14:00:00.000Z"
"688f4942bd4cf1cc53c2d56c","688f4630bd4cf1cc53c2cf75","688f4631bd4cf1cc53c2cf77","Sunderland","Tottenham Hotspur","2026-04-11T14:00:00.000Z",32,"2026-04-11T13:00:00.000Z","April 11, 2026 at 07:00 PM","2026-04-10T14:00:00.000Z"
"688f495bbd4cf1cc53c2d5ba","688f463dbd4cf1cc53c2cf90","688f4646bd4cf1cc53c2cfa1","Burnley","Brighton & Hove Albion","2026-04-11T14:00:00.000Z",32,"2026-04-11T13:00:00.000Z","April 11, 2026 at 07:00 PM","2026-04-10T14:00:00.000Z"
"688f495cbd4cf1cc53c2d5bb","688f4639bd4cf1cc53c2cf88","688f4634bd4cf1cc53c2cf7d","Chelsea","Manchester City","2026-04-11T14:00:00.000Z",32,"2026-04-11T13:00:00.000Z","April 11, 2026 at 07:00 PM","2026-04-10T14:00:00.000Z"
"688f495cbd4cf1cc53c2d5bc","688f4640bd4cf1cc53c2cf95","688f463cbd4cf1cc53c2cf8d","Crystal Palace","Newcastle United","2026-04-11T14:00:00.000Z",32,"2026-04-11T13:00:00.000Z","April 11, 2026 at 07:00 PM","2026-04-10T14:00:00.000Z"
"688f495cbd4cf1cc53c2d5bd","688f4632bd4cf1cc53c2cf7a","688f4635bd4cf1cc53c2cf7f","Liverpool","Fulham","2026-04-11T14:00:00.000Z",32,"2026-04-11T13:00:00.000Z","April 11, 2026 at 07:00 PM","2026-04-10T14:00:00.000Z"
"688f4942bd4cf1cc53c2d56d","688f4639bd4cf1cc53c2cf88","688f4637bd4cf1cc53c2cf83","Chelsea","Manchester United","2026-04-18T14:00:00.000Z",33,"2026-04-18T13:00:00.000Z","April 18, 2026 at 07:00 PM","2026-04-17T14:00:00.000Z"
"688f4943bd4cf1cc53c2d56e","688f4647bd4cf1cc53c2cfa4","688f4635bd4cf1cc53c2cf7f","Brentford","Fulham","2026-04-18T14:00:00.000Z",33,"2026-04-18T13:00:00.000Z","April 18, 2026 at 07:00 PM","2026-04-17T14:00:00.000Z"
"688f4943bd4cf1cc53c2d56f","688f4634bd4cf1cc53c2cf7d","688f463abd4cf1cc53c2cf8a","Manchester City","Arsenal","2026-04-18T14:00:00.000Z",33,"2026-04-18T13:00:00.000Z","April 18, 2026 at 07:00 PM","2026-04-17T14:00:00.000Z"
"688f4943bd4cf1cc53c2d570","688f4643bd4cf1cc53c2cf9b","688f463dbd4cf1cc53c2cf90","Nottingham Forest","Burnley","2026-04-18T14:00:00.000Z",33,"2026-04-18T13:00:00.000Z","April 18, 2026 at 07:00 PM","2026-04-17T14:00:00.000Z"
"688f4944bd4cf1cc53c2d571","688f463cbd4cf1cc53c2cf8d","688f4641bd4cf1cc53c2cf98","Newcastle United","AFC Bournemouth","2026-04-18T14:00:00.000Z",33,"2026-04-18T13:00:00.000Z","April 18, 2026 at 07:00 PM","2026-04-17T14:00:00.000Z"
"688f4944bd4cf1cc53c2d572","688f4638bd4cf1cc53c2cf86","688f4630bd4cf1cc53c2cf75","Aston Villa","Sunderland","2026-04-18T14:00:00.000Z",33,"2026-04-18T13:00:00.000Z","April 18, 2026 at 07:00 PM","2026-04-17T14:00:00.000Z"
"688f4944bd4cf1cc53c2d573","688f4640bd4cf1cc53c2cf95","688f462ebd4cf1cc53c2cf72","Crystal Palace","West Ham United","2026-04-18T14:00:00.000Z",33,"2026-04-18T13:00:00.000Z","April 18, 2026 at 07:00 PM","2026-04-17T14:00:00.000Z"
"688f4945bd4cf1cc53c2d574","688f4636bd4cf1cc53c2cf81","688f4632bd4cf1cc53c2cf7a","Everton","Liverpool","2026-04-18T14:00:00.000Z",33,"2026-04-18T13:00:00.000Z","April 18, 2026 at 07:00 PM","2026-04-17T14:00:00.000Z"
"688f4946bd4cf1cc53c2d577","688f4631bd4cf1cc53c2cf77","688f4646bd4cf1cc53c2cfa1","Tottenham Hotspur","Brighton & Hove Albion","2026-04-18T14:00:00.000Z",33,"2026-04-18T13:00:00.000Z","April 18, 2026 at 07:00 PM","2026-04-17T14:00:00.000Z"
"688f4946bd4cf1cc53c2d579","688f4644bd4cf1cc53c2cf9e","688f463fbd4cf1cc53c2cf93","Leeds United","Wolverhampton Wanderers","2026-04-18T14:00:00.000Z",33,"2026-04-18T13:00:00.000Z","April 18, 2026 at 07:00 PM","2026-04-17T14:00:00.000Z"
"688f4945bd4cf1cc53c2d575","688f463abd4cf1cc53c2cf8a","688f463cbd4cf1cc53c2cf8d","Arsenal","Newcastle United","2026-04-25T14:00:00.000Z",34,"2026-04-25T13:00:00.000Z","April 25, 2026 at 07:00 PM","2026-04-24T14:00:00.000Z"
"688f4946bd4cf1cc53c2d578","688f4641bd4cf1cc53c2cf98","688f4644bd4cf1cc53c2cf9e","AFC Bournemouth","Leeds United","2026-04-25T14:00:00.000Z",34,"2026-04-25T13:00:00.000Z","April 25, 2026 at 07:00 PM","2026-04-24T14:00:00.000Z"
"688f4949bd4cf1cc53c2d581","688f463fbd4cf1cc53c2cf93","688f4631bd4cf1cc53c2cf77","Wolverhampton Wanderers","Tottenham Hotspur","2026-04-25T14:00:00.000Z",34,"2026-04-25T13:00:00.000Z","April 25, 2026 at 07:00 PM","2026-04-24T14:00:00.000Z"
"688f495dbd4cf1cc53c2d5be","688f4646bd4cf1cc53c2cfa1","688f4639bd4cf1cc53c2cf88","Brighton & Hove Albion","Chelsea","2026-04-25T14:00:00.000Z",34,"2026-04-25T13:00:00.000Z","April 25, 2026 at 07:00 PM","2026-04-24T14:00:00.000Z"
"688f495dbd4cf1cc53c2d5bf","688f4635bd4cf1cc53c2cf7f","688f4638bd4cf1cc53c2cf86","Fulham","Aston Villa","2026-04-25T14:00:00.000Z",34,"2026-04-25T13:00:00.000Z","April 25, 2026 at 07:00 PM","2026-04-24T14:00:00.000Z"
"688f495dbd4cf1cc53c2d5c0","688f463dbd4cf1cc53c2cf90","688f4634bd4cf1cc53c2cf7d","Burnley","Manchester City","2026-04-25T14:00:00.000Z",34,"2026-04-25T13:00:00.000Z","April 25, 2026 at 07:00 PM","2026-04-24T14:00:00.000Z"
"688f495ebd4cf1cc53c2d5c1","688f4632bd4cf1cc53c2cf7a","688f4640bd4cf1cc53c2cf95","Liverpool","Crystal Palace","2026-04-25T14:00:00.000Z",34,"2026-04-25T13:00:00.000Z","April 25, 2026 at 07:00 PM","2026-04-24T14:00:00.000Z"
"688f495ebd4cf1cc53c2d5c2","688f4637bd4cf1cc53c2cf83","688f4647bd4cf1cc53c2cfa4","Manchester United","Brentford","2026-04-25T14:00:00.000Z",34,"2026-04-25T13:00:00.000Z","April 25, 2026 at 07:00 PM","2026-04-24T14:00:00.000Z"
"688f495ebd4cf1cc53c2d5c3","688f462ebd4cf1cc53c2cf72","688f4636bd4cf1cc53c2cf81","West Ham United","Everton","2026-04-25T14:00:00.000Z",34,"2026-04-25T13:00:00.000Z","April 25, 2026 at 07:00 PM","2026-04-24T14:00:00.000Z"
"688f495fbd4cf1cc53c2d5c4","688f4630bd4cf1cc53c2cf75","688f4643bd4cf1cc53c2cf9b","Sunderland","Nottingham Forest","2026-04-25T14:00:00.000Z",34,"2026-04-25T13:00:00.000Z","April 25, 2026 at 07:00 PM","2026-04-24T14:00:00.000Z"
"688f4947bd4cf1cc53c2d57a","688f4636bd4cf1cc53c2cf81","688f4634bd4cf1cc53c2cf7d","Everton","Manchester City","2026-05-02T14:00:00.000Z",35,"2026-05-02T13:00:00.000Z","May 2, 2026 at 07:00 PM","2026-05-01T14:00:00.000Z"
"688f494cbd4cf1cc53c2d58a","688f463fbd4cf1cc53c2cf93","688f4630bd4cf1cc53c2cf75","Wolverhampton Wanderers","Sunderland","2026-05-02T14:00:00.000Z",35,"2026-05-02T13:00:00.000Z","May 2, 2026 at 07:00 PM","2026-05-01T14:00:00.000Z"
"688f494dbd4cf1cc53c2d58d","688f463cbd4cf1cc53c2cf8d","688f4646bd4cf1cc53c2cfa1","Newcastle United","Brighton & Hove Albion","2026-05-02T14:00:00.000Z",35,"2026-05-02T13:00:00.000Z","May 2, 2026 at 07:00 PM","2026-05-01T14:00:00.000Z"
"688f495fbd4cf1cc53c2d5c5","688f463abd4cf1cc53c2cf8a","688f4635bd4cf1cc53c2cf7f","Arsenal","Fulham","2026-05-02T14:00:00.000Z",35,"2026-05-02T13:00:00.000Z","May 2, 2026 at 07:00 PM","2026-05-01T14:00:00.000Z"
"688f495fbd4cf1cc53c2d5c6","688f4638bd4cf1cc53c2cf86","688f4631bd4cf1cc53c2cf77","Aston Villa","Tottenham Hotspur","2026-05-02T14:00:00.000Z",35,"2026-05-02T13:00:00.000Z","May 2, 2026 at 07:00 PM","2026-05-01T14:00:00.000Z"
"688f4960bd4cf1cc53c2d5c7","688f4641bd4cf1cc53c2cf98","688f4640bd4cf1cc53c2cf95","AFC Bournemouth","Crystal Palace","2026-05-02T14:00:00.000Z",35,"2026-05-02T13:00:00.000Z","May 2, 2026 at 07:00 PM","2026-05-01T14:00:00.000Z"
"688f4960bd4cf1cc53c2d5c8","688f4639bd4cf1cc53c2cf88","688f4643bd4cf1cc53c2cf9b","Chelsea","Nottingham Forest","2026-05-02T14:00:00.000Z",35,"2026-05-02T13:00:00.000Z","May 2, 2026 at 07:00 PM","2026-05-01T14:00:00.000Z"
"688f4960bd4cf1cc53c2d5c9","688f4647bd4cf1cc53c2cfa4","688f462ebd4cf1cc53c2cf72","Brentford","West Ham United","2026-05-02T14:00:00.000Z",35,"2026-05-02T13:00:00.000Z","May 2, 2026 at 07:00 PM","2026-05-01T14:00:00.000Z"
"688f4961bd4cf1cc53c2d5ca","688f4644bd4cf1cc53c2cf9e","688f463dbd4cf1cc53c2cf90","Leeds United","Burnley","2026-05-02T14:00:00.000Z",35,"2026-05-02T13:00:00.000Z","May 2, 2026 at 07:00 PM","2026-05-01T14:00:00.000Z"
"688f4961bd4cf1cc53c2d5cb","688f4637bd4cf1cc53c2cf83","688f4632bd4cf1cc53c2cf7a","Manchester United","Liverpool","2026-05-02T14:00:00.000Z",35,"2026-05-02T13:00:00.000Z","May 2, 2026 at 07:00 PM","2026-05-01T14:00:00.000Z"
"688f4949bd4cf1cc53c2d582","688f4646bd4cf1cc53c2cfa1","688f463fbd4cf1cc53c2cf93","Brighton & Hove Albion","Wolverhampton Wanderers","2026-05-09T14:00:00.000Z",36,"2026-05-09T13:00:00.000Z","May 9, 2026 at 07:00 PM","2026-05-08T14:00:00.000Z"
"688f494cbd4cf1cc53c2d58b","688f4635bd4cf1cc53c2cf7f","688f4641bd4cf1cc53c2cf98","Fulham","AFC Bournemouth","2026-05-09T14:00:00.000Z",36,"2026-05-09T13:00:00.000Z","May 9, 2026 at 07:00 PM","2026-05-08T14:00:00.000Z"
"688f494cbd4cf1cc53c2d58c","688f4640bd4cf1cc53c2cf95","688f4636bd4cf1cc53c2cf81","Crystal Palace","Everton","2026-05-09T14:00:00.000Z",36,"2026-05-09T13:00:00.000Z","May 9, 2026 at 07:00 PM","2026-05-08T14:00:00.000Z"
"688f4959bd4cf1cc53c2d5b2","688f4630bd4cf1cc53c2cf75","688f4637bd4cf1cc53c2cf83","Sunderland","Manchester United","2026-05-09T14:00:00.000Z",36,"2026-05-09T13:00:00.000Z","May 9, 2026 at 07:00 PM","2026-05-08T14:00:00.000Z"
"688f4961bd4cf1cc53c2d5cc","688f463dbd4cf1cc53c2cf90","688f4638bd4cf1cc53c2cf86","Burnley","Aston Villa","2026-05-09T14:00:00.000Z",36,"2026-05-09T13:00:00.000Z","May 9, 2026 at 07:00 PM","2026-05-08T14:00:00.000Z"
"688f4962bd4cf1cc53c2d5cd","688f4632bd4cf1cc53c2cf7a","688f4639bd4cf1cc53c2cf88","Liverpool","Chelsea","2026-05-09T14:00:00.000Z",36,"2026-05-09T13:00:00.000Z","May 9, 2026 at 07:00 PM","2026-05-08T14:00:00.000Z"
"688f4962bd4cf1cc53c2d5ce","688f4634bd4cf1cc53c2cf7d","688f4647bd4cf1cc53c2cfa4","Manchester City","Brentford","2026-05-09T14:00:00.000Z",36,"2026-05-09T13:00:00.000Z","May 9, 2026 at 07:00 PM","2026-05-08T14:00:00.000Z"
"688f4963bd4cf1cc53c2d5d0","688f4643bd4cf1cc53c2cf9b","688f463cbd4cf1cc53c2cf8d","Nottingham Forest","Newcastle United","2026-05-09T14:00:00.000Z",36,"2026-05-09T13:00:00.000Z","May 9, 2026 at 07:00 PM","2026-05-08T14:00:00.000Z"
"688f4963bd4cf1cc53c2d5d1","688f4631bd4cf1cc53c2cf77","688f4644bd4cf1cc53c2cf9e","Tottenham Hotspur","Leeds United","2026-05-09T14:00:00.000Z",36,"2026-05-09T13:00:00.000Z","May 9, 2026 at 07:00 PM","2026-05-08T14:00:00.000Z"
"688f4963bd4cf1cc53c2d5d2","688f462ebd4cf1cc53c2cf72","688f463abd4cf1cc53c2cf8a","West Ham United","Arsenal","2026-05-09T14:00:00.000Z",36,"2026-05-09T13:00:00.000Z","May 9, 2026 at 07:00 PM","2026-05-08T14:00:00.000Z"
"688f4947bd4cf1cc53c2d57b","688f4636bd4cf1cc53c2cf81","688f4630bd4cf1cc53c2cf75","Everton","Sunderland","2026-05-17T14:00:00.000Z",37,"2026-05-17T13:00:00.000Z","May 17, 2026 at 07:00 PM","2026-05-16T14:00:00.000Z"
"688f494dbd4cf1cc53c2d58e","688f4637bd4cf1cc53c2cf83","688f4643bd4cf1cc53c2cf9b","Manchester United","Nottingham Forest","2026-05-17T14:00:00.000Z",37,"2026-05-17T13:00:00.000Z","May 17, 2026 at 07:00 PM","2026-05-16T14:00:00.000Z"
"688f494dbd4cf1cc53c2d58f","688f463cbd4cf1cc53c2cf8d","688f462ebd4cf1cc53c2cf72","Newcastle United","West Ham United","2026-05-17T14:00:00.000Z",37,"2026-05-17T13:00:00.000Z","May 17, 2026 at 07:00 PM","2026-05-16T14:00:00.000Z"
"688f494fbd4cf1cc53c2d595","688f4644bd4cf1cc53c2cf9e","688f4646bd4cf1cc53c2cfa1","Leeds United","Brighton & Hove Albion","2026-05-17T14:00:00.000Z",37,"2026-05-17T13:00:00.000Z","May 17, 2026 at 07:00 PM","2026-05-16T14:00:00.000Z"
"688f4962bd4cf1cc53c2d5cf","688f4647bd4cf1cc53c2cfa4","688f4640bd4cf1cc53c2cf95","Brentford","Crystal Palace","2026-05-17T14:00:00.000Z",37,"2026-05-17T13:00:00.000Z","May 17, 2026 at 07:00 PM","2026-05-16T14:00:00.000Z"
"688f4964bd4cf1cc53c2d5d3","688f463abd4cf1cc53c2cf8a","688f463dbd4cf1cc53c2cf90","Arsenal","Burnley","2026-05-17T14:00:00.000Z",37,"2026-05-17T13:00:00.000Z","May 17, 2026 at 07:00 PM","2026-05-16T14:00:00.000Z"
"688f4964bd4cf1cc53c2d5d4","688f4638bd4cf1cc53c2cf86","688f4632bd4cf1cc53c2cf7a","Aston Villa","Liverpool","2026-05-17T14:00:00.000Z",37,"2026-05-17T13:00:00.000Z","May 17, 2026 at 07:00 PM","2026-05-16T14:00:00.000Z"
"688f4964bd4cf1cc53c2d5d5","688f4641bd4cf1cc53c2cf98","688f4634bd4cf1cc53c2cf7d","AFC Bournemouth","Manchester City","2026-05-17T14:00:00.000Z",37,"2026-05-17T13:00:00.000Z","May 17, 2026 at 07:00 PM","2026-05-16T14:00:00.000Z"
"688f4965bd4cf1cc53c2d5d6","688f4639bd4cf1cc53c2cf88","688f4631bd4cf1cc53c2cf77","Chelsea","Tottenham Hotspur","2026-05-17T14:00:00.000Z",37,"2026-05-17T13:00:00.000Z","May 17, 2026 at 07:00 PM","2026-05-16T14:00:00.000Z"
"688f4965bd4cf1cc53c2d5d7","688f463fbd4cf1cc53c2cf93","688f4635bd4cf1cc53c2cf7f","Wolverhampton Wanderers","Fulham","2026-05-17T14:00:00.000Z",37,"2026-05-17T13:00:00.000Z","May 17, 2026 at 07:00 PM","2026-05-16T14:00:00.000Z"
"688f494ebd4cf1cc53c2d590","688f4632bd4cf1cc53c2cf7a","688f4647bd4cf1cc53c2cfa4","Liverpool","Brentford","2026-05-24T15:00:00.000Z",38,"2026-05-24T14:00:00.000Z","May 24, 2026 at 08:00 PM","2026-05-23T15:00:00.000Z"
"688f4966bd4cf1cc53c2d5d8","688f4646bd4cf1cc53c2cfa1","688f4637bd4cf1cc53c2cf83","Brighton & Hove Albion","Manchester United","2026-05-24T15:00:00.000Z",38,"2026-05-24T14:00:00.000Z","May 24, 2026 at 08:00 PM","2026-05-23T15:00:00.000Z"
"688f4966bd4cf1cc53c2d5d9","688f463dbd4cf1cc53c2cf90","688f463fbd4cf1cc53c2cf93","Burnley","Wolverhampton Wanderers","2026-05-24T15:00:00.000Z",38,"2026-05-24T14:00:00.000Z","May 24, 2026 at 08:00 PM","2026-05-23T15:00:00.000Z"
"688f4966bd4cf1cc53c2d5da","688f4640bd4cf1cc53c2cf95","688f463abd4cf1cc53c2cf8a","Crystal Palace","Arsenal","2026-05-24T15:00:00.000Z",38,"2026-05-24T14:00:00.000Z","May 24, 2026 at 08:00 PM","2026-05-23T15:00:00.000Z"
"688f4967bd4cf1cc53c2d5db","688f4635bd4cf1cc53c2cf7f","688f463cbd4cf1cc53c2cf8d","Fulham","Newcastle United","2026-05-24T15:00:00.000Z",38,"2026-05-24T14:00:00.000Z","May 24, 2026 at 08:00 PM","2026-05-23T15:00:00.000Z"
"688f4967bd4cf1cc53c2d5dc","688f4634bd4cf1cc53c2cf7d","688f4638bd4cf1cc53c2cf86","Manchester City","Aston Villa","2026-05-24T15:00:00.000Z",38,"2026-05-24T14:00:00.000Z","May 24, 2026 at 08:00 PM","2026-05-23T15:00:00.000Z"
"688f4967bd4cf1cc53c2d5dd","688f4643bd4cf1cc53c2cf9b","688f4641bd4cf1cc53c2cf98","Nottingham Forest","AFC Bournemouth","2026-05-24T15:00:00.000Z",38,"2026-05-24T14:00:00.000Z","May 24, 2026 at 08:00 PM","2026-05-23T15:00:00.000Z"
"688f4967bd4cf1cc53c2d5de","688f4630bd4cf1cc53c2cf75","688f4639bd4cf1cc53c2cf88","Sunderland","Chelsea","2026-05-24T15:00:00.000Z",38,"2026-05-24T14:00:00.000Z","May 24, 2026 at 08:00 PM","2026-05-23T15:00:00.000Z"
"688f4968bd4cf1cc53c2d5df","688f4631bd4cf1cc53c2cf77","688f4636bd4cf1cc53c2cf81","Tottenham Hotspur","Everton","2026-05-24T15:00:00.000Z",38,"2026-05-24T14:00:00.000Z","May 24, 2026 at 08:00 PM","2026-05-23T15:00:00.000Z"
"688f4968bd4cf1cc53c2d5e0","688f462ebd4cf1cc53c2cf72","688f4644bd4cf1cc53c2cf9e","West Ham United","Leeds United","2026-05-24T15:00:00.000Z",38,"2026-05-24T14:00:00.000Z","May 24, 2026 at 08:00 PM","2026-05-23T15:00:00.000Z"